mouse_id,group,unit_id,duration,half_width_duration,peak_amplitude_asymmetry,peak_to_trough_ratio,duration_between_peaks,one_minus_left_peak,area_after_min,repolarization_slope,firing_rate
F3876,saline,58,0.7333333333333334,0.2,0.20290485426469562,0.25014359807558284,1.1666666666666667,0.37693095207214355,16.892292268574238,0.3132468064626058,1.7615384615384615
F3876,saline,66,0.7333333333333334,0.2,0.20290485426469562,0.25014359807558284,1.1666666666666667,0.37693095207214355,16.892292268574238,0.3132468064626058,0.28307692307692306
F3876,saline,72,0.7333333333333334,0.2,0.2853765097642843,0.26468073981291357,1.1333333333333333,0.3533119559288025,20.466540932655334,0.36622190475463867,2.164615384615385
F3876,saline,80,0.7333333333333334,0.2,0.2853765097642843,0.26468073981291357,1.1333333333333333,0.3533119559288025,20.466540932655334,0.36622190475463867,1.0461538461538462
F3876,saline,104,0.8666666666666666,0.2,0.19897276585915877,0.26500899180437754,1.3,0.33811867237091064,18.538961596786976,0.2670259816305978,6.638461538461539
F3876,saline,109,0.8666666666666666,0.2,0.19897276585915877,0.26500899180437754,1.3,0.33811867237091064,18.538961596786976,0.2670259816305978,7.983076923076923
F3876,saline,110,0.8666666666666666,0.2,0.19897276585915877,0.26500899180437754,1.3,0.33811867237091064,18.538961596786976,0.2670259816305978,2.6215384615384614
F3876,saline,114,0.8666666666666666,0.2,0.16888396971413228,0.26306182678059287,1.3,0.2832067012786865,18.871283025480807,0.2947830420274001,6.487692307692308
F3876,saline,120,0.8666666666666666,0.2,0.16888396971413228,0.26306182678059287,1.3,0.2832067012786865,18.871283025480807,0.2947830420274001,9.330769230769231
F3876,saline,131,0.6333333333333333,0.23333333333333334,0.2000744330870281,0.3151143035589754,1.1666666666666667,0.3259968161582947,16.5735917519778,0.32088723182678225,0.38769230769230767
F3876,saline,135,0.6333333333333333,0.23333333333333334,0.2000744330870281,0.3151143035589754,1.1666666666666667,0.3259968161582947,16.5735917519778,0.32088723182678225,0.2815384615384615
F3876,saline,158,0.8333333333333334,0.2,0.16692134238579734,0.2680223551924187,1.1333333333333333,0.3917109966278076,15.486399756744504,0.2270735161645072,4.7153846153846155
F3876,saline,170,0.7333333333333334,0.2,0.19764043058382935,0.2870289205700644,1.1333333333333333,0.2544362545013428,18.469342097640038,0.3230987588564555,17.998461538461537
F3876,saline,172,0.7333333333333334,0.2,0.19764043058382935,0.2870289205700644,1.1333333333333333,0.2544362545013428,18.469342097640038,0.3230987588564555,20.701538461538462
F3876,saline,180,0.7666666666666667,0.23333333333333334,0.18463674523519538,0.286576140673706,1.2333333333333332,0.337272584438324,17.382900651544333,0.27999335527420044,0.7615384615384615
F3876,saline,186,0.8333333333333334,0.2,0.08254154061831974,0.24354875261523226,1.2333333333333332,0.2186816930770874,17.14142352156341,0.29117688765892613,4.2846153846153845
F3876,saline,192,0.6333333333333333,0.23333333333333334,0.1935298947607783,0.3311366420361641,1.1666666666666667,0.2755581736564636,17.551049172878265,0.32377350330352783,0.4430769230769231
F3876,saline,196,0.7666666666666667,0.2,0.20230409855506742,0.2810888379854204,1.2,0.2308216094970703,20.872960092499852,0.34369973341623944,6.775384615384615
F3876,saline,200,0.8666666666666666,0.3,0.13801280761948118,0.3521466682077985,1.4666666666666668,0.20276808738708496,20.71244904026389,0.24907273054122925,1.2538461538461538
F3876,saline,206,0.7333333333333334,0.13333333333333333,0.2612610230442773,0.2251976714299841,1.1666666666666667,0.39385461807250977,19.357317104935646,0.38295312722524005,3.0246153846153847
F3876,saline,212,0.7333333333333334,0.13333333333333333,0.2612610230442773,0.2251976714299841,1.1666666666666667,0.39385461807250977,19.357317104935646,0.38295312722524005,14.476923076923077
F3876,saline,215,0.6666666666666666,0.1,0.5843001667026952,0.22282660623570621,1.1,0.40884655714035034,38.07365474104881,1.0110922813415528,0.9507692307692308
F3876,saline,219,0.8666666666666666,0.16666666666666666,0.21576239242401526,0.2612953422251162,1.1333333333333333,-0.54240882396698,43.698796197772026,0.6536433356148856,1.8753846153846154
F3876,saline,223,0.8333333333333334,0.13333333333333333,0.0713945626732805,0.18871303080851692,1.1,-0.7587445974349976,40.24004342406988,0.8271337655874399,1.5215384615384615
F3876,saline,232,0.3,0.06666666666666667,0.9456697724439199,0.2951659520528338,0.6333333333333333,0.9574673175811768,16.874468199908733,1.290102243423462,2.0
F3876,saline,234,0.8333333333333334,0.13333333333333333,-0.25288707835136276,0.16455565393092028,0.9666666666666667,-0.6935344934463501,20.18089072406292,0.4383565698351179,1.0892307692307692
F3876,saline,236,0.8333333333333334,0.16666666666666666,0.17681205140770673,0.2038560479120578,1.2333333333333332,-0.167732834815979,33.36942991614342,0.6299189054048978,3.4692307692307693
F3876,saline,240,0.6666666666666666,0.1,0.7152541086426782,0.2382577850706598,0.8666666666666666,0.5078345239162445,48.358926225453615,1.244328498840332,10.05076923076923
F3876,saline,244,0.7333333333333334,0.16666666666666666,0.16965456197974368,0.22991757830291165,1.0666666666666667,-0.3708242177963257,33.60516456514597,0.7635117444125089,2.832307692307692
F3876,saline,246,0.7666666666666667,0.13333333333333333,0.2704311340106037,0.22812679820704823,1.0333333333333334,-1.1182327270507812,66.14638197422028,1.347413698832194,0.3830769230769231
F3876,saline,250,0.8,0.2,0.29382017203667266,0.29135297976037927,1.2,-0.3699166774749756,44.034970581531525,0.6626587647658128,0.6353846153846154
F3876,saline,252,0.6666666666666666,0.1,0.06568651279284031,0.16864199118660989,0.8,-1.5786139965057373,54.10837146639824,1.585494648326527,0.39384615384615385
F3876,saline,254,0.8,0.2,0.22173736748847744,0.24409244726042192,1.1,-0.6064541339874268,46.03046128153801,0.7947349548339844,1.1876923076923076
F3876,saline,256,0.8,0.16666666666666666,0.2112795450298696,0.2310024665466252,1.1333333333333333,-0.7047722339630127,49.04731968045235,0.9444735050201416,0.5430769230769231
F3878,saline,88,0.3666666666666667,0.1,0.6660811753282758,0.2266505649380787,0.5,0.7575925886631012,16.75635408051312,0.8893917401631674,16.083076923076923
F3878,saline,112,0.3,0.1,-0.4944766187973922,0.15593147638634638,0.4333333333333333,-1.5352869033813477,9.386329071596265,1.0999563217163086,1.1584615384615384
F3878,saline,122,0.3333333333333333,0.13333333333333333,0.5707551246611903,0.23147890815130848,0.9333333333333333,0.6466189324855804,20.30133388552349,1.1172882080078126,5.7215384615384615
F3878,saline,128,0.3,0.1,0.07648135575608811,0.2458854961275972,0.4333333333333333,-0.2841310501098633,16.70550276618451,1.2174952507019043,28.427692307692308
F3878,saline,134,0.3,0.16666666666666666,0.530092626727102,0.3221969580209306,0.8666666666666666,0.21934926509857178,31.89402089267969,1.5778684616088867,6.556923076923077
F3878,saline,142,0.7,0.26666666666666666,0.2064604777632981,0.31781532241991706,1.2,-0.5414146184921265,41.68612143397331,0.6144802570343018,1.9292307692307693
F3878,saline,144,0.8,0.23333333333333334,0.1315172726575195,0.2725995660769108,1.0333333333333334,-1.1804981231689453,49.28662231564522,0.7443934168134417,1.1092307692307692
F3878,saline,146,0.6666666666666666,0.2,0.2014166064815857,0.25789253630040876,1.1333333333333333,-1.1436848640441895,57.0843081176281,1.1368491432883523,0.5153846153846153
F3878,saline,148,0.9666666666666667,0.16666666666666666,0.015888048995864518,0.2096009404946423,1.2666666666666666,-1.7972240447998047,55.328248500823975,0.9184258778889974,0.3707692307692308
F3878,saline,156,0.6666666666666666,0.2,0.33732763969936325,0.28482366195883213,1.1333333333333333,-1.2634227275848389,76.16920261085033,1.4579273570667615,0.18769230769230769
F3878,saline,162,0.3666666666666667,0.1,0.6660811753282758,0.2266505649380787,0.5,0.7575925886631012,16.75635408051312,0.8893917401631674,1.5307692307692307
F3878,saline,172,0.6666666666666666,0.23333333333333334,0.35632904347654976,0.3473349520561104,1.2333333333333332,0.5047750174999237,17.12326619029045,0.2731256701729514,11.092307692307692
F3878,saline,182,0.2,0.4333333333333333,-9.56059937168555,0.5498586547243067,1.3333333333333333,-0.37450313568115234,10.142635822296143,,0.7
F3878,saline,200,1.0666666666666667,0.3666666666666667,0.3974875913213083,0.5934151832814359,1.7333333333333332,0.3885970115661621,23.523721009492874,0.1493588238954544,1.073846153846154
F3878,saline,204,1.0666666666666667,0.3666666666666667,0.3974875913213083,0.5934151832814359,1.7333333333333332,0.3885970115661621,23.523721009492874,0.1493588238954544,1.1646153846153846
F3878,saline,212,0.3,0.13333333333333333,0.4951124477321868,0.29048474753698333,0.8666666666666666,0.5470039248466492,17.405364530161023,0.9235922813415527,5.993846153846154
F3878,saline,218,0.8666666666666666,0.26666666666666666,-0.03516107589711181,0.2460990012707659,1.2,0.055213332176208496,17.290714487433434,0.23855005900065104,6.812307692307693
F3878,saline,228,0.6666666666666666,0.2,0.12605057648516632,0.3027597625756575,0.8333333333333334,0.04227888584136963,17.435613606125116,0.3396497170130412,12.824615384615385
F3878,saline,238,0.7,0.23333333333333334,0.29699674502826023,0.3288016203295458,1.2,0.359372615814209,20.818514496088028,0.27650930331303525,37.52
F3878,saline,242,0.7,0.23333333333333334,0.29699674502826023,0.3288016203295458,1.2,0.359372615814209,20.818514496088028,0.27650930331303525,15.027692307692307
F3878,saline,248,0.6,0.3666666666666667,0.09951676758997842,0.59970726472915,1.0666666666666667,-0.06944465637207031,12.755770489573479,0.21774351596832275,1.736923076923077
F3878,saline,256,0.2,0.4333333333333333,-7.520484700091018,0.5929433297883341,1.3333333333333333,-0.5846668481826782,10.539432227611542,,0.963076923076923
F3878,saline,262,0.7666666666666667,0.16666666666666666,0.044313141470813826,0.24535623875848694,0.9666666666666667,-0.9080491065979004,34.33543270081282,0.6536785272451547,6.213846153846154
F3878,saline,266,0.6666666666666666,0.2,0.24857826664401625,0.30177028491289704,0.8333333333333334,-0.4450613260269165,37.512988954782486,0.6630718310674032,15.149230769230769
F3878,saline,272,0.7,0.23333333333333334,0.2601964797053957,0.30685256850043313,1.0666666666666667,-0.22798073291778564,33.93796579167247,0.5680707295735677,17.643076923076922
F3878,saline,278,0.6666666666666666,0.2,0.2677129946847838,0.3013297128855945,1.1666666666666667,0.1541270613670349,24.41443784162402,0.4417841217734597,40.87384615384615
F3878,saline,282,0.6666666666666666,0.2,0.2677129946847838,0.3013297128855945,1.1666666666666667,0.1541270613670349,24.41443784162402,0.4417841217734597,18.676923076923078
F3878,saline,292,0.6666666666666666,0.23333333333333334,0.3098449942589019,0.2980700077922917,1.0666666666666667,0.18425339460372925,25.61854716949165,0.43284161885579425,25.301538461538463
F3878,saline,298,0.6666666666666666,0.23333333333333334,0.3098449942589019,0.2980700077922917,1.0666666666666667,0.18425339460372925,25.61854716949165,0.43284161885579425,21.36
F3878,saline,302,0.7666666666666667,0.26666666666666666,0.04022286456948344,0.28031625169499436,1.0666666666666667,-0.24238109588623047,24.20546766370535,0.34311090196881977,9.433846153846154
F3878,saline,308,0.7666666666666667,0.26666666666666666,0.04022286456948344,0.28031625169499436,1.0666666666666667,-0.24238109588623047,24.20546766370535,0.34311090196881977,15.98
F3878,saline,314,0.7666666666666667,0.26666666666666666,0.04022286456948344,0.28031625169499436,1.0666666666666667,-0.24238109588623047,24.20546766370535,0.34311090196881977,3.563076923076923
F3878,saline,322,0.7,0.26666666666666666,0.25920846285358723,0.33680595293047405,1.2,0.15956705808639526,25.275167144834995,0.35346277554829914,21.984615384615385
F3878,saline,328,0.7,0.26666666666666666,0.25920846285358723,0.33680595293047405,1.2,0.15956705808639526,25.275167144834995,0.35346277554829914,15.06
F3878,saline,332,0.7666666666666667,0.3,0.07730934270428186,0.31438310227248256,1.1,0.13249856233596802,17.830323927104473,0.23012684072766984,0.7523076923076923
F3878,saline,340,0.7666666666666667,0.26666666666666666,0.2753356449315118,0.3288106637701625,1.1333333333333333,0.23573201894760132,24.325782246887684,0.29218595368521555,15.576923076923077
F3878,saline,344,0.7666666666666667,0.26666666666666666,0.2753356449315118,0.3288106637701625,1.1333333333333333,0.23573201894760132,24.325782246887684,0.29218595368521555,18.266153846153845
F3878,saline,350,0.7666666666666667,0.3,0.3090966649259922,0.349081317799598,1.2333333333333332,0.43985509872436523,19.25438818335533,0.21717017037527903,1.4753846153846153
F3878,saline,360,0.6666666666666666,0.26666666666666666,0.16832850457621765,0.30332324843789865,1.1333333333333333,0.08964663743972778,22.27785662561655,0.3513469696044922,7.941538461538461
F3878,saline,364,0.6666666666666666,0.26666666666666666,0.16832850457621765,0.30332324843789865,1.1333333333333333,0.08964663743972778,22.27785662561655,0.3513469696044922,7.529230769230769
F3878,saline,374,0.7333333333333334,0.23333333333333334,0.1992532524560239,0.27133988779176343,1.2,0.20613974332809448,22.422461792826653,0.3370565634507399,16.104615384615386
F3878,saline,382,0.7333333333333334,0.23333333333333334,0.1992532524560239,0.27133988779176343,1.2,0.20613974332809448,22.422461792826653,0.3370565634507399,4.486153846153846
F3878,saline,388,0.7333333333333334,0.23333333333333334,0.1992532524560239,0.27133988779176343,1.2,0.20613974332809448,22.422461792826653,0.3370565634507399,13.430769230769231
F3878,saline,392,0.7333333333333334,0.23333333333333334,0.1992532524560239,0.27133988779176343,1.2,0.20613974332809448,22.422461792826653,0.3370565634507399,3.7215384615384615
F3878,saline,396,0.7,0.23333333333333334,0.23798652681028296,0.2957771560500767,1.1,0.21781927347183228,21.460229087620974,0.3580259482065837,10.655384615384616
F3878,saline,404,0.7,0.23333333333333334,0.23798652681028296,0.2957771560500767,1.1,0.21781927347183228,21.460229087620974,0.3580259482065837,1.8353846153846154
F3878,saline,414,0.7333333333333334,0.23333333333333334,0.18608903952018935,0.27212562576606414,1.2,0.21142345666885376,21.993162337690592,0.3248414626488319,18.22923076923077
F3878,saline,424,0.7333333333333334,0.23333333333333334,0.18608903952018935,0.27212562576606414,1.2,0.21142345666885376,21.993162337690592,0.3248414626488319,1.563076923076923
F3878,saline,426,0.7333333333333334,0.23333333333333334,0.18608903952018935,0.27212562576606414,1.2,0.21142345666885376,21.993162337690592,0.3248414626488319,2.0015384615384617
F3878,saline,432,0.9333333333333333,0.23333333333333334,0.009555926703310002,0.228026235299365,1.2,0.07682865858078003,18.493141531944275,0.2751101811726888,10.947692307692307
F3878,saline,438,0.9333333333333333,0.23333333333333334,0.009555926703310002,0.228026235299365,1.2,0.07682865858078003,18.493141531944275,0.2751101811726888,3.7815384615384615
F3878,saline,444,0.7333333333333334,0.23333333333333334,0.06677107781629807,0.2564177771831267,1.0333333333333334,0.04545855522155762,19.465732350945473,0.3039496626172747,7.746153846153846
F3878,saline,450,0.7333333333333334,0.23333333333333334,0.06677107781629807,0.2564177771831267,1.0333333333333334,0.04545855522155762,19.465732350945473,0.3039496626172747,1.676923076923077
F3878,saline,454,0.7333333333333334,0.23333333333333334,0.06677107781629807,0.2564177771831267,1.0333333333333334,0.04545855522155762,19.465732350945473,0.3039496626172747,0.2076923076923077
F3878,saline,460,0.7333333333333334,0.3,0.24490732508237248,0.32083455569446884,1.2,0.45595836639404297,16.51468800008297,0.1996915681021554,1.393846153846154
F3878,saline,466,0.7,0.26666666666666666,0.13252079703681538,0.30608057447654863,1.2,0.11387765407562256,21.97371831536293,0.2907379223750188,8.08
F3878,saline,470,0.7,0.26666666666666666,0.13252079703681538,0.30608057447654863,1.2,0.11387765407562256,21.97371831536293,0.2907379223750188,14.827692307692308
F3879,5-Meo,113,0.26666666666666666,0.1,0.8297381854685607,0.29447713232770134,0.7333333333333334,0.826309859752655,22.21212735772133,1.267725658416748,56.72461538461538
F3879,5-Meo,123,0.26666666666666666,0.06666666666666667,0.699140008727791,0.32949964073979837,0.4333333333333333,0.4408239722251892,31.99555640295148,2.3960635662078857,6.183076923076923
F3879,5-Meo,127,0.6333333333333333,0.26666666666666666,0.24153160782250696,0.34235907441913654,1.1666666666666667,-0.8053296804428101,48.89456111192703,0.7846975326538086,6.635384615384615
F3879,5-Meo,131,1.1,0.16666666666666666,-0.12787131534840634,0.17524653489282047,1.5333333333333334,-1.5266003608703613,37.279678255319595,0.7963062013898577,0.48615384615384616
F3879,5-Meo,133,0.6666666666666666,0.13333333333333333,0.12124417573265532,0.23888812426553935,0.8666666666666666,-1.272881031036377,48.34487836062908,1.103624777360396,2.4153846153846152
F3879,5-Meo,135,0.7,0.23333333333333334,0.279166226231044,0.28665066941765716,1.0,-0.6811330318450928,51.49005979299545,0.8672808011372884,10.818461538461538
F3879,5-Meo,141,0.8666666666666666,0.2,-0.02689880271758973,0.21288568424060167,1.1333333333333333,-1.4925436973571777,47.107233226299286,0.7924988610403878,3.763076923076923
F3879,5-Meo,143,0.6666666666666666,0.16666666666666666,0.2256144411575951,0.23786361609052187,0.9666666666666667,-0.8465197086334229,54.01668204367161,1.116940064863725,0.5615384615384615
F3879,5-Meo,149,0.6666666666666666,0.3333333333333333,0.11837051739598542,0.34688526627603034,1.3,-2.294363498687744,82.50190003216267,1.095197851007635,15.383076923076922
F3879,5-Meo,155,0.6666666666666666,0.3333333333333333,0.11837051739598542,0.34688526627603034,1.3,-2.294363498687744,82.50190003216267,1.095197851007635,5.673846153846154
F3879,5-Meo,159,0.8,0.23333333333333334,0.013315265412143205,0.25929863898818517,1.0666666666666667,-2.6827447414398193,72.53169736266136,1.0418603760855538,0.2676923076923077
F3879,5-Meo,163,0.8,0.23333333333333334,0.013315265412143205,0.25929863898818517,1.0666666666666667,-2.6827447414398193,72.53169736266136,1.0418603760855538,0.3323076923076923
F3879,5-Meo,167,0.6333333333333333,0.16666666666666666,-0.15088808466733997,0.2707913018735728,0.7666666666666667,-5.800314426422119,75.97771644592285,1.6843542619185015,3.5692307692307694
F3879,5-Meo,189,0.6666666666666666,0.2,0.2829881128310038,0.2540612550395772,1.1333333333333333,0.47580665349960327,16.32363481633365,0.3356268189170144,38.69692307692308
F3879,5-Meo,205,0.6666666666666666,0.2,0.2829881128310038,0.2540612550395772,1.1333333333333333,0.47580665349960327,16.32363481633365,0.3356268189170144,6.7153846153846155
F3879,5-Meo,223,0.6666666666666666,0.23333333333333334,0.31263480600463617,0.29106028086220775,1.2,0.4555094242095947,18.90475994348526,0.32476641915061255,9.03076923076923
F3879,5-Meo,229,0.6666666666666666,0.23333333333333334,0.31263480600463617,0.29106028086220775,1.2,0.4555094242095947,18.90475994348526,0.32476641915061255,41.58
F3879,5-Meo,235,0.26666666666666666,0.1,-0.10373248319893562,0.24317060163290194,0.4,-0.5834811925888062,12.955895291641355,1.0575615882873535,1.06
F3879,5-Meo,253,0.6333333333333333,0.2,0.41198254943560214,0.3295036859144056,1.1666666666666667,0.47940194606781006,20.208556033670902,0.34489642490040173,18.95846153846154
F3879,5-Meo,259,0.6333333333333333,0.2,0.41198254943560214,0.3295036859144056,1.1666666666666667,0.47940194606781006,20.208556033670902,0.34489642490040173,13.113846153846154
F3879,5-Meo,267,0.6666666666666666,0.2,0.28568742711104467,0.25696378247670365,1.1333333333333333,0.4220801591873169,18.832575185224414,0.36800193786621094,17.786153846153844
F3879,5-Meo,277,0.8333333333333334,0.23333333333333334,-0.061890766078042045,0.2218305829809489,1.0,0.017504215240478516,17.77321458980441,0.2794826201030186,4.453846153846154
F3879,5-Meo,289,0.8333333333333334,0.23333333333333334,-0.061890766078042045,0.2218305829809489,1.0,0.017504215240478516,17.77321458980441,0.2794826201030186,0.6676923076923077
F3879,5-Meo,299,0.8,0.3,0.1418228391585592,0.29248268604267597,1.3,0.22528254985809326,20.394797667860985,0.27109505580021787,7.501538461538462
F3879,5-Meo,301,0.8,0.3,0.1418228391585592,0.29248268604267597,1.3,0.22528254985809326,20.394797667860985,0.27109505580021787,12.74
F3879,5-Meo,307,0.8,0.3,0.1418228391585592,0.29248268604267597,1.3,0.22528254985809326,20.394797667860985,0.27109505580021787,57.755384615384614
F3879,5-Meo,319,0.7333333333333334,0.23333333333333334,0.3121964716168646,0.29492714031874706,1.2666666666666666,0.3890892267227173,21.640534922480583,0.3293186028798421,15.886153846153846
F3879,5-Meo,327,0.7333333333333334,0.23333333333333334,0.3121964716168646,0.29492714031874706,1.2666666666666666,0.3890892267227173,21.640534922480583,0.3293186028798421,27.203076923076924
F3879,5-Meo,333,0.6333333333333333,0.2,0.43137925956429984,0.2930246520377051,1.1,0.4913724660873413,20.521364383399487,0.3972236026417125,3.0738461538461537
F3879,5-Meo,341,0.6333333333333333,0.2,0.43137925956429984,0.2930246520377051,1.1,0.4913724660873413,20.521364383399487,0.3972236026417125,15.901538461538461
F3879,5-Meo,351,0.6333333333333333,0.2,0.43137925956429984,0.2930246520377051,1.1,0.4913724660873413,20.521364383399487,0.3972236026417125,47.76
F3879,5-Meo,365,0.6666666666666666,0.2,0.19968260763953005,0.22508302290049445,1.0666666666666667,0.32523345947265625,19.063166921958327,0.4085283712907271,7.003076923076923
F3879,5-Meo,369,0.6666666666666666,0.2,0.19968260763953005,0.22508302290049445,1.0666666666666667,0.32523345947265625,19.063166921958327,0.4085283712907271,39.95384615384615
F3879,5-Meo,373,0.6666666666666666,0.2,0.19968260763953005,0.22508302290049445,1.0666666666666667,0.32523345947265625,19.063166921958327,0.4085283712907271,11.956923076923077
F3879,5-Meo,377,0.5,0.16666666666666666,0.17193196617565776,0.30483208325896616,0.9666666666666667,0.3333498239517212,14.308442190289497,0.34389922353956437,1.4815384615384615
F3879,5-Meo,383,0.6666666666666666,0.3,0.20305570704600387,0.33183487341023593,1.3333333333333333,0.2272014021873474,24.025604858994484,0.3515621185302734,5.376923076923077
F3879,5-Meo,391,0.7,0.23333333333333334,0.3340486744832115,0.33276614469283733,0.9666666666666667,0.4662667512893677,18.109509278088808,0.267752210299174,2.4846153846153847
F3879,5-Meo,397,0.9333333333333333,0.23333333333333334,-0.09457910178397462,0.230263560343671,1.2333333333333332,-0.08928442001342773,17.79326803982258,0.2608724276224772,7.116923076923077
F3879,5-Meo,401,0.9333333333333333,0.23333333333333334,-0.09457910178397462,0.230263560343671,1.2333333333333332,-0.08928442001342773,17.79326803982258,0.2608724276224772,9.895384615384616
F3879,5-Meo,405,0.6333333333333333,0.2,0.4488118658058392,0.33143374810348447,1.1,0.5650171041488647,17.644754447042942,0.3136136098341508,3.6846153846153844
F3879,5-Meo,421,0.7,0.2,0.18310287133418907,0.21576146998113135,1.2,0.29879581928253174,21.153064101934433,0.47067999839782715,2.5876923076923077
F3879,5-Meo,425,0.7,0.2,0.18310287133418907,0.21576146998113135,1.2,0.29879581928253174,21.153064101934433,0.47067999839782715,2.8584615384615386
F3879,5-Meo,431,0.6666666666666666,0.2,0.26157041943785253,0.2784085890567308,0.9666666666666667,0.23285377025604248,21.83258554711938,0.42796204306862573,30.13230769230769
F3879,5-Meo,437,0.6666666666666666,0.2,0.26157041943785253,0.2784085890567308,0.9666666666666667,0.23285377025604248,21.83258554711938,0.42796204306862573,28.126153846153848
F3879,5-Meo,449,0.6,0.16666666666666666,0.43567201540124956,0.24227514464005315,1.0666666666666667,0.2272166609764099,32.06095565855503,1.0143376588821411,2.4353846153846153
F3879,5-Meo,453,0.9666666666666667,0.2,-0.20099183398391263,0.20854020488526723,1.2666666666666666,-0.505002498626709,19.013498038053513,0.3200864791870117,5.318461538461539
F3879,5-Meo,457,0.9666666666666667,0.2,-0.20099183398391263,0.20854020488526723,1.2666666666666666,-0.505002498626709,19.013498038053513,0.3200864791870117,1.2184615384615385
F3879,5-Meo,473,0.7,0.26666666666666666,0.09815647631482055,0.28907150621439864,1.1,-0.613837480545044,35.4037040323019,0.5665083328882853,11.924615384615384
F3879,5-Meo,495,0.6333333333333333,0.2,0.5043764691522435,0.3300266091609854,0.9333333333333333,0.08611166477203369,43.34695057570934,0.7641103917902167,12.516923076923076
F3879,5-Meo,499,0.6333333333333333,0.2,0.5043764691522435,0.3300266091609854,0.9333333333333333,0.08611166477203369,43.34695057570934,0.7641103917902167,7.378461538461538
F3879,5-Meo,507,0.6666666666666666,0.2,-0.3318563166284834,0.20693401830693411,0.8333333333333334,-2.3775880336761475,27.66763051599264,0.6298598509568435,4.112307692307692
F3879,5-Meo,513,0.6666666666666666,0.2,0.3688492800479703,0.31356558135819074,0.9666666666666667,-0.26680660247802734,44.381024584174156,0.7965477163141425,15.766153846153847
F3879,5-Meo,525,0.6666666666666666,0.16666666666666666,0.06693859258481848,0.2645903806566437,0.8333333333333334,-1.0391101837158203,37.27260895073414,0.7343694368998209,8.427692307692308
F3879,5-Meo,531,0.6666666666666666,0.16666666666666666,0.06693859258481848,0.2645903806566437,0.8333333333333334,-1.0391101837158203,37.27260895073414,0.7343694368998209,1.9353846153846155
F3879,5-Meo,545,0.6666666666666666,0.16666666666666666,0.10850931824636251,0.25750765072315596,0.9,-1.2984018325805664,47.88524245843291,1.109834861755371,7.949230769230769
F3879,5-Meo,549,0.6666666666666666,0.16666666666666666,0.10850931824636251,0.25750765072315596,0.9,-1.2984018325805664,47.88524245843291,1.109834861755371,7.295384615384616
F3879,5-Meo,557,0.7333333333333334,0.26666666666666666,-0.2651005814644799,0.24650742623257058,0.9666666666666667,-2.6287028789520264,34.681059047579765,0.6107960428510394,13.773846153846154
F3879,5-Meo,563,0.6,0.16666666666666666,0.5855842316625994,0.3224018784309527,1.0666666666666667,-0.059801340103149414,64.14310202375054,1.3974537319607205,1.3015384615384615
F3879,5-Meo,567,0.6333333333333333,0.26666666666666666,0.36579115874409707,0.3706423024072074,1.0333333333333334,-2.0229732990264893,96.59786027669907,1.596756328235973,3.167692307692308
F3879,5-Meo,575,0.6666666666666666,0.2,0.11326053393543399,0.2815589088485205,0.9,-0.726900577545166,35.38048167154193,0.7000130740079012,7.618461538461538
F3879,5-Meo,579,0.6666666666666666,0.26666666666666666,0.2942796972939258,0.3186629559168734,1.0,-1.1451287269592285,66.6106550693512,1.028812090555827,5.024615384615385
F3879,5-Meo,587,0.6666666666666666,0.26666666666666666,0.2942796972939258,0.3186629559168734,1.0,-1.1451287269592285,66.6106550693512,1.028812090555827,4.863076923076923
F3879,5-Meo,591,0.6666666666666666,0.26666666666666666,0.2942796972939258,0.3186629559168734,1.0,-1.1451287269592285,66.6106550693512,1.028812090555827,3.2953846153846156
F3879,5-Meo,593,0.7,0.23333333333333334,0.23230456109350284,0.2765193284787816,1.2,0.41662633419036865,17.67756061628461,0.30786317045038397,54.02923076923077
F3879,5-Meo,603,0.7,0.2,0.18310287133418907,0.21576146998113135,1.2,0.29879581928253174,21.153064101934433,0.47067999839782715,9.633846153846154
F3879,5-Meo,607,0.7,0.2,0.18310287133418907,0.21576146998113135,1.2,0.29879581928253174,21.153064101934433,0.47067999839782715,1.9630769230769232
F3879,5-Meo,609,0.7,0.2,0.18310287133418907,0.21576146998113135,1.2,0.29879581928253174,21.153064101934433,0.47067999839782715,3.1553846153846155
F3879,5-Meo,615,0.7,0.2,0.18310287133418907,0.21576146998113135,1.2,0.29879581928253174,21.153064101934433,0.47067999839782715,3.1076923076923078
F3879,5-Meo,619,0.9666666666666667,0.2,-0.20099183398391263,0.20854020488526723,1.2666666666666666,-0.505002498626709,19.013498038053513,0.3200864791870117,0.37538461538461537
F3879,5-Meo,623,0.6,0.16666666666666666,0.43567201540124956,0.24227514464005315,1.0666666666666667,0.2272166609764099,32.06095565855503,1.0143376588821411,3.1123076923076924
F3879,5-Meo,627,0.9333333333333333,0.3,-0.17160760185347707,0.23792858881154402,1.2666666666666666,-0.3608818054199219,19.202161759138107,0.26961027781168617,3.2815384615384615
F3879,5-Meo,631,0.9333333333333333,0.3,-0.17160760185347707,0.23792858881154402,1.2666666666666666,-0.3608818054199219,19.202161759138107,0.26961027781168617,4.155384615384615
F3879,5-Meo,633,0.9333333333333333,0.3,-0.17160760185347707,0.23792858881154402,1.2666666666666666,-0.3608818054199219,19.202161759138107,0.26961027781168617,5.130769230769231
F3879,5-Meo,639,0.7,0.26666666666666666,0.09815647631482055,0.28907150621439864,1.1,-0.613837480545044,35.4037040323019,0.5665083328882853,1.6784615384615384
F3880,5-Meo,43,0.8666666666666666,0.2,0.08862004304129353,0.23919315139667313,1.3666666666666667,0.22151058912277222,16.592415258288383,0.27768523352486746,6.053846153846154
F3880,5-Meo,47,0.8666666666666666,0.2,-0.05886926136001534,0.20784948123552668,1.4,0.09929800033569336,15.345623368397355,0.2962759824899527,0.6446153846153846
F3880,5-Meo,55,0.7333333333333334,0.2,0.21053918949969153,0.2514313514917311,1.1,0.3653479814529419,17.132686711847782,0.2977290153503418,5.75076923076923
F3880,5-Meo,59,0.7333333333333334,0.2,0.21053918949969153,0.2514313514917311,1.1,0.3653479814529419,17.132686711847782,0.2977290153503418,1.5723076923076924
F3880,5-Meo,65,0.6333333333333333,0.16666666666666666,0.2945871140771701,0.2710833043215538,1.2,0.2651897668838501,21.77818749845028,0.4145520528157552,11.666153846153847
F3880,5-Meo,71,0.6333333333333333,0.16666666666666666,0.2945871140771701,0.2710833043215538,1.2,0.2651897668838501,21.77818749845028,0.4145520528157552,8.032307692307691
F3800,saline,73,0.6,0.3666666666666667,-0.5933895223805575,0.17235907152441443,1.0333333333333334,-1.019463062286377,8.348968602716923,0.21356512819017684,8.118461538461538
F3800,saline,79,0.7666666666666667,0.2,0.1943741511444306,0.26827282321539425,1.2333333333333332,0.06484115123748779,24.311954602599144,0.4306599299112956,8.415384615384616
F3800,saline,81,0.7666666666666667,0.2,0.1943741511444306,0.26827282321539425,1.2333333333333332,0.06484115123748779,24.311954602599144,0.4306599299112956,4.932307692307693
F3800,saline,96,0.9,0.23333333333333334,0.20219516203974522,0.2805662468380366,1.3,0.23606044054031372,20.816699508577585,0.273533566792806,9.346153846153847
F3800,saline,100,0.9,0.23333333333333334,0.20219516203974522,0.2805662468380366,1.3,0.23606044054031372,20.816699508577585,0.273533566792806,5.466153846153846
F3800,saline,108,1.1666666666666667,0.4333333333333333,-0.18840902337447926,0.37222659151728676,1.6333333333333335,-0.6202582120895386,18.342646926641464,0.17486350676592657,16.904615384615386
F3800,saline,116,0.8,0.26666666666666666,0.005888755125590814,0.2565147192176414,1.2666666666666666,0.05398005247116089,18.14099958539009,0.26654769693102154,6.313846153846153
F3800,saline,128,0.8,0.2,0.5450393341367415,0.4240214532805226,1.4666666666666668,0.6296181976795197,23.361748322844505,0.29663848876953125,1.1938461538461538
F3800,saline,136,0.7666666666666667,0.2,0.2938328137184096,0.2560970174230967,1.1666666666666667,0.2687641382217407,23.369026117026806,0.4359556833902995,1.756923076923077
F3800,saline,144,0.7666666666666667,0.2,0.2938328137184096,0.2560970174230967,1.1666666666666667,0.2687641382217407,23.369026117026806,0.4359556833902995,6.52
F3800,saline,150,0.7666666666666667,0.2,0.2938328137184096,0.2560970174230967,1.1666666666666667,0.2687641382217407,23.369026117026806,0.4359556833902995,1.48
F3800,saline,156,0.3,0.5,-2.0744377597414503,0.3396010049999781,1.3333333333333333,-0.9536956548690796,13.174618780612946,,0.9323076923076923
F3800,saline,168,0.6333333333333333,0.23333333333333334,0.30134688142429966,0.3828299198634129,1.2666666666666666,0.3775358200073242,18.454587128013372,0.3028586387634277,0.5969230769230769
F3800,saline,172,0.7666666666666667,0.2,0.232321339442526,0.24538853726440685,1.0333333333333334,-0.7834539413452148,50.46932221762836,0.9722341696421305,1.5292307692307692
F3800,saline,174,0.7666666666666667,0.2,0.232321339442526,0.24538853726440685,1.0333333333333334,-0.7834539413452148,50.46932221762836,0.9722341696421305,0.3707692307692308
F3800,saline,176,0.7333333333333334,0.2,0.22252477278763502,0.23651040732530826,1.2,0.34098517894744873,18.7833180911839,0.3983119617808949,17.876923076923077
F3800,saline,178,0.9666666666666667,0.4333333333333333,0.5005680241901953,0.7253512737789113,1.6333333333333335,0.43564170598983765,25.753801241517067,0.12303602068047774,1.7076923076923076
F3800,saline,182,0.8,0.23333333333333334,-0.011455941737466259,0.25392438212231677,1.1,-0.052304863929748535,17.358003687113523,0.28930650438581196,2.732307692307692
F3800,saline,188,0.3,0.13333333333333333,1.002836461331537,0.582606671941141,0.9666666666666667,1.0025607757270336,27.28973686695099,0.7758981585502625,1.9584615384615385
F3800,saline,192,0.7666666666666667,0.2,0.18934698952173365,0.25276605400790175,1.1,-2.3314051628112793,82.70546908676624,1.6113913853963215,0.64
F3800,saline,193,0.7666666666666667,0.2,0.18934698952173365,0.25276605400790175,1.1,-2.3314051628112793,82.70546908676624,1.6113913853963215,0.33384615384615385
F3800,saline,200,0.8333333333333334,0.2,0.14415341425611602,0.24357865243773497,1.3,0.39502882957458496,15.469336416572332,0.25541149652921236,0.7184615384615385
F3800,saline,204,0.8,0.23333333333333334,0.05507886808314325,0.27120223033355667,1.2,0.11684489250183105,17.693908352404833,0.25971979754311697,1.1523076923076923
F3800,saline,212,0.8,0.23333333333333334,0.05507886808314325,0.27120223033355667,1.2,0.11684489250183105,17.693908352404833,0.25971979754311697,1.873846153846154
F3800,saline,216,0.8,0.23333333333333334,0.05507886808314325,0.27120223033355667,1.2,0.11684489250183105,17.693908352404833,0.25971979754311697,0.9215384615384615
F3800,saline,222,0.7666666666666667,0.2,0.16466824592049073,0.26939997968297086,1.1333333333333333,-0.7214341163635254,40.08293542265892,0.6853189468383789,3.123076923076923
F3800,saline,230,0.3666666666666667,0.13333333333333333,0.6968175836287632,0.4864476241147721,1.0333333333333334,0.6792973279953003,26.64761083945632,0.7379511833190918,1.176923076923077
F3800,saline,240,0.8666666666666666,0.2,0.21190391022597477,0.2576264183310625,1.2,0.19762873649597168,22.2576614189893,0.3420943873269217,1.7323076923076923
F3800,saline,242,0.8666666666666666,0.2,0.21190391022597477,0.2576264183310625,1.2,0.19762873649597168,22.2576614189893,0.3420943873269217,4.76
F3800,saline,248,0.8666666666666666,0.2,0.21190391022597477,0.2576264183310625,1.2,0.19762873649597168,22.2576614189893,0.3420943873269217,11.44923076923077
F3800,saline,262,0.4666666666666667,0.23333333333333334,0.26306751660098815,0.5411668061737576,1.0,0.05703997611999512,24.38949240744114,0.4266413620540074,0.9553846153846154
F3800,saline,272,0.7333333333333334,0.3,0.14480628245867597,0.3355640340488462,1.3333333333333333,0.24945068359375,19.53360401466489,0.27219406041232025,1.0338461538461539
F3800,saline,278,0.7666666666666667,0.23333333333333334,0.1660528238537052,0.2872987041300184,1.2333333333333332,0.14701569080352783,21.57588217407465,0.31933292975792515,4.26
F3800,saline,280,0.7666666666666667,0.23333333333333334,0.1660528238537052,0.2872987041300184,1.2333333333333332,0.14701569080352783,21.57588217407465,0.31933292975792515,8.113846153846154
F3800,saline,284,0.6333333333333333,0.4,0.42102766308643597,0.6797952281264683,1.2666666666666666,0.3472031354904175,22.689215376973152,0.2142653682015159,0.8123076923076923
F3800,saline,296,0.8666666666666666,0.23333333333333334,-0.29840704979274646,0.2895752652449502,1.1333333333333333,-0.7031722068786621,13.34226544201374,0.1765626933839586,2.4384615384615387
F3800,saline,300,0.8666666666666666,0.23333333333333334,-0.29840704979274646,0.2895752652449502,1.1333333333333333,-0.7031722068786621,13.34226544201374,0.1765626933839586,2.8646153846153846
F3800,saline,304,0.7,0.2,0.24214282361973405,0.22508489428539638,1.2,0.3796769976615906,19.02193845063448,0.4106416702270508,15.176923076923076
F3800,saline,318,0.3333333333333333,0.13333333333333333,0.5809570507839765,0.26142711590232115,0.9,0.6569276452064514,18.87613509967923,0.9902084350585938,22.044615384615383
F3800,saline,327,0.5,0.2,0.06218631322133589,0.23709931825885122,1.0333333333333334,-0.2106928825378418,24.1436605155468,0.7229326367378235,11.173846153846155
F3800,saline,333,0.5,0.2,0.06218631322133589,0.23709931825885122,1.0333333333333334,-0.2106928825378418,24.1436605155468,0.7229326367378235,4.123076923076923
F3800,saline,335,0.7666666666666667,0.2,0.2433773880627676,0.2681382809243352,1.1666666666666667,-1.008711338043213,56.87338377535343,1.0258907477060955,7.550769230769231
F3800,saline,339,0.7666666666666667,0.2,0.2433773880627676,0.2681382809243352,1.1666666666666667,-1.008711338043213,56.87338377535343,1.0258907477060955,1.4230769230769231
F3800,saline,343,0.7666666666666667,0.16666666666666666,0.24148919579870365,0.238007452669694,0.9666666666666667,-2.8522839546203613,114.0264977812767,2.0378187619722805,0.5615384615384615
F3800,saline,353,0.9333333333333333,0.16666666666666666,0.09406046460595141,0.24690427940889959,1.1,-0.9124696254730225,41.524771355092525,0.6236153284708659,0.7830769230769231
F3800,saline,355,0.9666666666666667,0.16666666666666666,-0.07579800594893539,0.23091674119484804,1.2,-0.9701328277587891,29.621832579374313,0.4580957591533661,0.5061538461538462
F3800,saline,359,0.7666666666666667,0.2,0.08934958673743251,0.2666168647695661,1.4,-0.5200545787811279,42.70052491873503,0.620003960349343,1.9676923076923076
F3800,saline,361,0.9,0.23333333333333334,0.20075608415935414,0.3245758520357836,1.2333333333333332,-1.0012054443359375,50.348551243543625,0.5789365172386169,5.696923076923077
F3800,saline,365,0.9,0.16666666666666666,-0.3495936781662788,0.1797184142982607,1.0333333333333334,-2.7611122131347656,37.434413969516754,0.7758219792292669,0.8076923076923077
F3800,saline,367,0.9,0.16666666666666666,-0.3495936781662788,0.1797184142982607,1.0333333333333334,-2.7611122131347656,37.434413969516754,0.7758219792292669,0.9846153846153847
F3800,saline,369,0.7,0.23333333333333334,0.1874809186030231,0.3094706814354687,1.2,-0.9314708709716797,48.11210034787655,0.7601170539855957,0.12461538461538461
F3800,saline,371,0.8333333333333334,0.2,-0.1893923581100368,0.24111789082302817,1.0,-2.415440559387207,41.13262843340635,0.6895643642970494,3.066153846153846
F3797,5-Meo,81,0.7,0.2,0.11983345918637066,0.24077098440774475,0.8666666666666666,-0.5050419569015503,34.69943229854107,0.6117721337538499,5.764615384615385
F3797,5-Meo,85,0.7,0.2,0.11983345918637066,0.24077098440774475,0.8666666666666666,-0.5050419569015503,34.69943229854107,0.6117721337538499,4.173846153846154
F3797,5-Meo,92,0.23333333333333334,0.4333333333333333,-6.263674908496132,0.6053419371713381,1.3333333333333333,-0.46959781646728516,10.556458532810211,,1.2030769230769232
F3797,5-Meo,94,0.23333333333333334,0.4333333333333333,-6.263674908496132,0.6053419371713381,1.3333333333333333,-0.46959781646728516,10.556458532810211,,1.2892307692307692
F3797,5-Meo,96,0.23333333333333334,0.4333333333333333,-6.263674908496132,0.6053419371713381,1.3333333333333333,-0.46959781646728516,10.556458532810211,,2.5323076923076924
F3797,5-Meo,108,0.3333333333333333,0.13333333333333333,0.8593493768718303,0.4409184473546293,0.5,0.8645644783973694,20.12226928025484,0.8121264457702637,2.813846153846154
F3797,5-Meo,118,0.8,0.2,0.23003560198146447,0.24650978517618094,1.3333333333333333,0.3932088613510132,19.07128920406103,0.30248841872582066,17.543076923076924
F3797,5-Meo,124,0.6666666666666666,0.2,0.3420596435002153,0.27212548031199796,1.1,0.3210119605064392,23.881221175193787,0.4241280158360799,21.2
F3797,5-Meo,126,0.6666666666666666,0.2,0.3420596435002153,0.27212548031199796,1.1,0.3210119605064392,23.881221175193787,0.4241280158360799,41.18153846153846
F3797,5-Meo,131,1.1,0.5333333333333333,0.12129128491595306,0.6258639597902743,1.7,-0.2031792402267456,21.125961259007454,0.11681661151704334,2.58
F3797,5-Meo,133,0.5666666666666667,0.3333333333333333,-0.45568929229299965,0.3447427451405621,0.8,-1.6677799224853516,11.009767845273018,0.26305124976418237,9.832307692307692
F3797,5-Meo,139,0.8666666666666666,0.23333333333333334,0.15228260805284805,0.24823356769371524,1.3333333333333333,0.0473363995552063,25.57119356095791,0.3726138046809605,12.812307692307693
F3797,5-Meo,141,0.8666666666666666,0.23333333333333334,0.15228260805284805,0.24823356769371524,1.3333333333333333,0.0473363995552063,25.57119356095791,0.3726138046809605,9.412307692307692
F3797,5-Meo,143,0.3666666666666667,0.4333333333333333,-1.0409471246811446,0.019067297603253704,1.6666666666666667,-1.0092015266418457,13.603055663406849,,0.32769230769230767
F3797,5-Meo,147,0.6,0.3333333333333333,-0.4461609299709059,0.3008672081820115,0.8333333333333334,-1.4651074409484863,11.886248424649239,0.261484960714976,5.983076923076923
F3797,5-Meo,149,0.3,0.5,-3.2514274424379046,0.46676055257610927,1.3333333333333333,-1.0162250995635986,16.576085686683655,,0.7476923076923077
F3797,5-Meo,155,0.6,0.2,0.4067502154255248,0.32185252390079866,0.9333333333333333,0.5518094301223755,15.348979593254626,0.3001874360171231,10.663076923076924
F3797,5-Meo,157,0.5333333333333333,0.16666666666666666,0.7122206351167428,0.5453023314614144,1.1666666666666667,0.7255200147628784,24.502221643924713,0.3743548095226288,4.476923076923077
F3797,5-Meo,161,0.5666666666666667,0.3333333333333333,-0.4931014725233284,0.29148988562481326,0.8,-1.828141450881958,10.4183334922418,0.2994447187943892,16.201538461538462
F3797,5-Meo,165,0.6666666666666666,0.2,0.3249491949242798,0.2714404226512905,1.1333333333333333,0.2461026906967163,25.372615963220596,0.45427536964416504,20.41076923076923
F3797,5-Meo,171,0.6666666666666666,0.2,0.3249491949242798,0.2714404226512905,1.1333333333333333,0.2461026906967163,25.372615963220596,0.45427536964416504,37.79538461538461
F3797,5-Meo,175,1.0,0.5,0.16820387872407036,0.5938375325563959,1.7,-0.03411149978637695,22.449927136301994,0.15285564959049225,4.747692307692308
F3797,5-Meo,181,0.8,0.23333333333333334,0.3071620900083559,0.2812436257882691,1.4666666666666668,0.3835379481315613,22.096662148833275,0.31811057604276216,6.246153846153846
F3797,5-Meo,183,0.8,0.23333333333333334,0.3071620900083559,0.2812436257882691,1.4666666666666668,0.3835379481315613,22.096662148833275,0.31811057604276216,14.907692307692308
F3797,5-Meo,187,0.26666666666666666,0.4666666666666667,-4.930695371833427,0.5328854690832765,1.3333333333333333,-0.775425910949707,14.707836985588074,,1.386153846153846
F3797,5-Meo,191,0.26666666666666666,0.4666666666666667,-4.930695371833427,0.5328854690832765,1.3333333333333333,-0.775425910949707,14.707836985588074,,1.1784615384615384
F3797,5-Meo,195,0.6666666666666666,0.23333333333333334,0.3090760099042887,0.2798562541461454,1.1333333333333333,0.5144799053668976,15.741578482091427,0.2739211320877075,3.1538461538461537
F3797,5-Meo,199,0.5666666666666667,0.3,-0.42636005971330726,0.33180819169098447,0.8,-1.548424482345581,11.208353988826275,0.2808032902804288,6.661538461538462
F3797,5-Meo,203,0.6333333333333333,0.2,0.7152956564010974,0.4312603717569897,1.3,0.6999743282794952,33.300280541181564,0.4657160970899794,0.47384615384615386
F3797,5-Meo,205,0.6333333333333333,0.2,0.7152956564010974,0.4312603717569897,1.3,0.6999743282794952,33.300280541181564,0.4657160970899794,1.6184615384615384
F3797,5-Meo,209,0.6,0.13333333333333333,0.6897969442144548,0.3451175031831402,1.2666666666666666,0.36593419313430786,60.42353146895766,1.2510244846343994,5.7323076923076925
F3797,5-Meo,213,0.6333333333333333,0.2,0.4888782550484497,0.31886904358885515,1.0,0.6854622960090637,13.806775847449899,0.2612176374955611,2.186153846153846
F3797,5-Meo,217,0.3333333333333333,0.2,0.894192651016715,0.8537134732570277,0.9333333333333333,0.8772841840982437,28.73310135304928,0.5146674633026123,5.626153846153846
F3797,5-Meo,219,0.3666666666666667,0.23333333333333334,0.8524375029435737,0.8018925453047044,0.9333333333333333,0.8369903713464737,27.250027400441468,0.5103811740875244,4.987692307692308
F3797,5-Meo,223,0.7,0.16666666666666666,0.3093603254072073,0.24693563351204906,0.9,0.2998455762863159,23.856825590133667,0.4479571580886841,26.573846153846155
F3797,5-Meo,225,0.7,0.16666666666666666,0.3093603254072073,0.24693563351204906,0.9,0.2998455762863159,23.856825590133667,0.4479571580886841,36.22923076923077
F3797,5-Meo,229,0.5666666666666667,0.3,-0.3865848026704119,0.33854968824301757,0.8,-1.432105541229248,11.837205395102501,0.28891853852705524,13.195384615384615
F3797,5-Meo,231,0.6,1.0666666666666667,0.2407798615070982,0.9413825719300795,1.8333333333333333,-0.17564618587493896,15.989497914910316,0.20409741401672363,0.8723076923076923
F3797,5-Meo,235,1.0,0.5333333333333333,0.10243449622130639,0.5998368836926675,1.6666666666666667,-0.16752541065216064,20.004602059721947,0.13281505637698704,4.064615384615385
F3797,5-Meo,237,0.4,0.23333333333333334,0.7343473976345537,0.6694966203736182,0.9666666666666667,0.6825109720230103,27.303617477416992,0.5160016616185507,4.092307692307692
F3797,5-Meo,241,0.23333333333333334,0.13333333333333333,1.5510805682016973,0.9687256005205797,0.4666666666666667,1.6951048374176025,43.214309968054295,1.6608431339263916,17.12153846153846
F3797,5-Meo,245,0.6,0.3,11.537303725332299,0.6689793105165187,0.7,2.6261826753616333,30.42424050718546,0.32135775354173446,2.8630769230769233
F3797,5-Meo,249,1.0,0.4666666666666667,-0.07707145873757992,0.41067933527382794,1.6333333333333335,-0.18614637851715088,15.92640383541584,0.1546817272901535,2.3230769230769233
F3797,5-Meo,255,0.7666666666666667,0.23333333333333334,0.13280219931846124,0.25291668073127793,1.3,0.2779344916343689,18.51403696089983,0.28687433096078724,24.47230769230769
F3797,5-Meo,257,0.8666666666666666,0.2,-0.128466885920924,0.21520223691560658,1.0333333333333334,-0.2879873514175415,19.389801278710365,0.3081545829772949,23.36
F3797,5-Meo,261,1.1,0.6,0.393883315904824,0.8124602740770873,1.7666666666666666,0.23138993978500366,24.851490274071693,0.10359882173084077,1.3353846153846154
F3797,5-Meo,265,0.4333333333333333,0.4,-0.7400106649404548,0.139260515879804,1.7666666666666666,-0.8543431758880615,0.19974615424871445,0.1657999853293101,0.7092307692307692
F3797,5-Meo,269,0.6,0.3333333333333333,-0.6087297777861264,0.24232378251589992,0.9,-1.9096581935882568,8.793731823563576,0.24336514870325723,7.098461538461539
F3797,5-Meo,273,0.5,0.13333333333333333,0.6933128631812971,0.461756594179331,1.1333333333333333,0.6851824820041656,25.45053106546402,0.5377611092158726,5.001538461538462
F3797,5-Meo,275,0.6,0.16666666666666666,0.3259229493879523,0.30371880014273384,1.1666666666666667,0.3801792860031128,19.76534316688776,0.40142383575439455,14.013846153846155
F3797,5-Meo,277,0.6,0.3333333333333333,-0.3559271090875669,0.38737123201812457,0.8333333333333334,-1.1640520095825195,11.89046480692923,0.2412383339621804,2.6769230769230767
F3797,5-Meo,281,0.5666666666666667,0.3,-0.25496696451729156,0.4286339881560258,0.8,-1.3548033237457275,16.5110130533576,0.3261454105377197,10.090769230769231
F3797,5-Meo,283,1.1,0.4333333333333333,-0.1983715942622551,0.38978114662199775,1.7,-0.4496375322341919,12.966522470116615,0.14634276838863597,3.356923076923077
F3797,5-Meo,285,0.6,0.2,0.42003120401009775,0.29734560773479346,1.1333333333333333,0.39393776655197144,23.303356260061264,0.4990556240081787,52.073846153846155
F3797,5-Meo,289,0.6,0.2,0.42003120401009775,0.29734560773479346,1.1333333333333333,0.39393776655197144,23.303356260061264,0.4990556240081787,20.73076923076923
F3797,5-Meo,293,0.6,0.3333333333333333,-0.61771251749105,0.19634804247081675,0.8333333333333334,-1.419358491897583,5.339468622580171,0.2426504691441854,4.401538461538461
F3797,5-Meo,295,0.9666666666666667,0.3,-0.006287396873133713,0.2605825888927833,1.2666666666666666,-0.20157289505004883,21.806008365005255,0.28459253907203674,15.255384615384616
F3797,5-Meo,297,0.9666666666666667,0.3,-0.006287396873133713,0.2605825888927833,1.2666666666666666,-0.20157289505004883,21.806008365005255,0.28459253907203674,3.6276923076923078
F3797,5-Meo,301,0.6,0.3333333333333333,18.664073006428143,0.6384198749245084,0.7,2.707503318786621,31.03851968050003,0.33082267973158097,2.263076923076923
F3797,5-Meo,307,0.9666666666666667,0.26666666666666666,-0.1988007859562614,0.22552408325209755,1.2,-0.7899065017700195,21.580691419541836,0.31201968473546643,3.566153846153846
F3797,5-Meo,309,0.9666666666666667,0.26666666666666666,-0.1988007859562614,0.22552408325209755,1.2,-0.7899065017700195,21.580691419541836,0.31201968473546643,3.810769230769231
F3797,5-Meo,311,0.9666666666666667,0.26666666666666666,-0.1988007859562614,0.22552408325209755,1.2,-0.7899065017700195,21.580691419541836,0.31201968473546643,7.447692307692308
F3797,5-Meo,313,0.9666666666666667,0.26666666666666666,-0.1988007859562614,0.22552408325209755,1.2,-0.7899065017700195,21.580691419541836,0.31201968473546643,5.686153846153847
F3797,5-Meo,317,0.5666666666666667,0.3333333333333333,-0.6350741686352434,0.1900992426780913,0.8,-1.8508307933807373,6.249677963554859,0.2789182662963867,2.956923076923077
F3797,5-Meo,321,0.5666666666666667,0.3333333333333333,-0.6350741686352434,0.1900992426780913,0.8,-1.8508307933807373,6.249677963554859,0.2789182662963867,0.10307692307692308
F3797,5-Meo,329,0.6333333333333333,0.3333333333333333,12.748850981953055,0.665447520324241,0.7333333333333334,2.5693719387054443,30.396813787519932,0.3066483073764377,1.8138461538461539
F3797,5-Meo,331,1.0333333333333334,0.6,6.350419876098928,0.9565249915648002,1.1,2.4346444606781006,28.801712721586227,0.10302491188049316,1.1046153846153846
F3797,5-Meo,335,0.9,0.23333333333333334,0.1549580673701245,0.25838213855000036,1.3666666666666667,0.23047327995300293,20.321312503889203,0.2907509463174002,2.0553846153846154
F3797,5-Meo,337,0.9,0.23333333333333334,0.1549580673701245,0.25838213855000036,1.3666666666666667,0.23047327995300293,20.321312503889203,0.2907509463174002,9.77076923076923
F3797,5-Meo,339,0.6,0.3333333333333333,-0.43199918725554637,0.33656205989790605,0.8333333333333334,-1.2885792255401611,10.726294353604317,0.22476347287495932,3.664615384615385
F3797,5-Meo,341,0.6,0.3666666666666667,-0.447999693563723,0.3314762027616039,0.8666666666666666,-1.2250280380249023,10.486368849873543,0.23262763023376465,3.046153846153846
F3797,5-Meo,343,0.6333333333333333,0.2,0.4597955069857119,0.3019997796846499,1.1666666666666667,0.5759861469268799,18.65604753512889,0.34491697224703705,25.96
F3797,5-Meo,347,0.9666666666666667,0.3,-0.11942126995280165,0.24478888618730307,1.2333333333333332,-0.3413853645324707,19.03593335300684,0.25356399311738853,13.489230769230769
F3797,5-Meo,351,0.5666666666666667,0.3333333333333333,-0.6703927334397575,0.1726023139319653,0.8,-1.6082935333251953,4.862727984786034,0.24848878383636475,3.26
F3797,5-Meo,353,0.6333333333333333,0.3333333333333333,11.032970435693548,0.6532075417285096,0.7333333333333334,2.602947473526001,32.5225794762373,0.327015929751926,1.5107692307692309
F3797,5-Meo,360,0.7,0.16666666666666666,-0.14641071242166825,0.23203798606626316,0.8333333333333334,-2.881775140762329,51.71339999884367,1.0380033651987712,14.633846153846154
F3797,5-Meo,362,0.6666666666666666,0.2,0.2207592742545843,0.26611456879713224,0.9,-1.5952684879302979,68.52037993073463,1.2731828689575195,3.9876923076923076
F3797,5-Meo,364,0.8,0.23333333333333334,-0.008288692623037013,0.24368551032783398,1.0333333333333334,-1.8518824577331543,51.76026293635368,0.8221938950674874,4.993846153846154
F3797,5-Meo,366,0.8,0.23333333333333334,-0.008288692623037013,0.24368551032783398,1.0333333333333334,-1.8518824577331543,51.76026293635368,0.8221938950674874,5.836923076923077
F3797,5-Meo,368,0.6333333333333333,0.4,5.671078432839539,0.9191169494001796,0.7333333333333334,2.581571936607361,37.148812398314476,0.2730577786763509,1.4584615384615385
F3797,5-Meo,370,1.0333333333333334,0.2,0.4433686861298544,0.4665240232603536,1.7,0.5053565502166748,19.868065252900124,0.15274091561635336,9.415384615384616
F3797,5-Meo,372,1.0333333333333334,0.2,0.4433686861298544,0.4665240232603536,1.7,0.5053565502166748,19.868065252900124,0.15274091561635336,6.2784615384615385
F3797,5-Meo,376,1.0333333333333334,0.23333333333333334,0.3984362747452995,0.48745771118579506,1.7,0.4357513189315796,21.044971384108067,0.15828717456144445,10.924615384615384
F3797,5-Meo,380,1.0333333333333334,0.23333333333333334,0.3984362747452995,0.48745771118579506,1.7,0.4357513189315796,21.044971384108067,0.15828717456144445,5.004615384615384
F3797,5-Meo,382,0.8,0.2,0.21048089031725734,0.23488153208308438,1.0333333333333334,-0.5492520332336426,46.231252796947956,0.7779024564302884,4.490769230769231
F3797,5-Meo,384,0.4,0.4666666666666667,-1.0318760113774785,0.013736125264164227,1.6333333333333335,-0.8885946273803711,15.542157486081123,,1.5723076923076924
F3797,5-Meo,386,0.6666666666666666,0.2,-0.5708153124308264,0.1616637783622518,0.8,-6.407983303070068,39.14358253777027,0.963081433222844,3.413846153846154
F3797,5-Meo,388,0.6333333333333333,0.2,0.3238225692204268,0.270967944993221,1.1666666666666667,-0.36295342445373535,48.105628088116646,0.9847640991210938,1.616923076923077
F3797,5-Meo,390,1.0333333333333334,0.6,7.227945858424145,0.9417162350687479,1.1,2.4691274166107178,28.63478583097458,0.10305190086364746,1.8892307692307693
F3797,5-Meo,392,0.6333333333333333,0.13333333333333333,-0.15094355857359687,0.2404110403380475,0.7666666666666667,-2.5080533027648926,44.206849336624146,0.9785919189453125,1.2461538461538462
F3797,5-Meo,394,0.3,0.5333333333333333,-2.7495565807527838,0.44319498592833034,1.3333333333333333,-0.9568473100662231,14.500304877758026,,1.3692307692307693
F3799,5-Meo,84,0.5666666666666667,0.3333333333333333,0.7229972475378079,0.9343271019226153,1.1666666666666667,0.6266022324562073,27.90913701802492,0.24858405590057372,2.4061538461538463
F3799,5-Meo,90,0.5666666666666667,0.2,0.32769286061682257,0.2914121886454567,1.0333333333333334,0.3380897641181946,22.92987632751465,0.4485607624053955,12.393846153846154
F3799,5-Meo,92,0.5666666666666667,0.2,0.32769286061682257,0.2914121886454567,1.0333333333333334,0.3380897641181946,22.92987632751465,0.4485607624053955,46.238461538461536
F3799,5-Meo,98,0.2,0.13333333333333333,0.8388312758225988,0.7716773706704804,0.8333333333333334,0.7553196549415588,33.92470595985651,1.205877463022868,2.0923076923076924
F3799,5-Meo,104,0.6,0.2,0.11396187410319705,0.2618309078403931,0.7333333333333334,-0.8573646545410156,40.6930326372385,0.8107771439985796,5.435384615384615
F3799,5-Meo,105,0.6666666666666666,0.23333333333333334,0.22773209695573424,0.283841445818476,1.0666666666666667,-0.9618699550628662,57.47397604584694,0.998935265974565,0.0876923076923077
F3799,5-Meo,114,0.6666666666666666,0.23333333333333334,0.2949634785748495,0.28993951720659455,1.0333333333333334,0.32963013648986816,21.99856697022915,0.38606487620960583,14.72
F3799,5-Meo,116,0.6666666666666666,0.23333333333333334,0.2949634785748495,0.28993951720659455,1.0333333333333334,0.32963013648986816,21.99856697022915,0.38606487620960583,30.361538461538462
F3799,5-Meo,120,0.6666666666666666,0.2,0.2778024383739424,0.2480676048635338,1.0333333333333334,0.35894638299942017,21.00613602809608,0.41566103154962714,50.613846153846154
F3799,5-Meo,122,0.23333333333333334,0.1,1.0412100316245418,0.6858799070661136,0.9,1.0514225848019123,35.595936954021454,1.2378536860148113,11.518461538461539
F3799,5-Meo,129,0.4666666666666667,0.23333333333333334,0.610056912761061,0.5433455564228832,0.9333333333333333,0.5518077611923218,22.14693456888199,0.42573389410972595,6.272307692307693
F3799,5-Meo,133,1.1,0.3333333333333333,0.18507100923707007,0.4996105363912577,1.6333333333333335,-0.05559515953063965,22.489525362849236,0.15362447500228882,8.818461538461538
F3799,5-Meo,137,0.5333333333333333,0.16666666666666666,0.3816839833925219,0.2594497516155809,0.7,0.3464377522468567,23.832272097468376,0.5629008769989013,91.43076923076923
F3799,5-Meo,141,1.1,0.6333333333333333,0.270016292462513,0.8960514344928021,1.7,-0.0681542158126831,26.458157300949097,0.10369722843170166,3.3815384615384616
F3799,5-Meo,147,0.2,0.13333333333333333,0.9554729001801989,0.8675055483024104,0.8666666666666666,0.9300790876150131,26.084034133702517,1.1798884868621826,2.8661538461538463
F3799,5-Meo,152,0.6,0.2,0.3640892126142011,0.26328273156227755,0.9666666666666667,0.3729575276374817,23.010638443753123,0.5108826637268067,12.19076923076923
F3799,5-Meo,154,0.6,0.2,0.3640892126142011,0.26328273156227755,0.9666666666666667,0.3729575276374817,23.010638443753123,0.5108826637268067,22.301538461538463
F3799,5-Meo,160,0.6,0.13333333333333333,-0.3792456161776509,0.17143861430738025,0.7333333333333334,-3.088726043701172,35.87799794971943,0.9758090972900391,10.653846153846153
F3799,5-Meo,162,0.6,0.13333333333333333,-0.3792456161776509,0.17143861430738025,0.7333333333333334,-3.088726043701172,35.87799794971943,0.9758090972900391,0.5
F3799,5-Meo,164,0.2,0.06666666666666667,1.0214076225935904,0.7100043421506028,0.8666666666666666,1.0290411040186882,29.260140120983124,1.2874083518981934,0.94
F3799,5-Meo,172,0.8,0.2,0.18121128822872987,0.22458215077436625,1.2,0.33166003227233887,19.817328713834286,0.3577640453974406,3.789230769230769
F3799,5-Meo,176,0.8,0.2,0.18121128822872987,0.22458215077436625,1.2,0.33166003227233887,19.817328713834286,0.3577640453974406,19.31692307692308
F3799,5-Meo,190,1.0,0.3,0.07404779372040013,0.3439503485267736,1.4333333333333333,0.040998756885528564,19.35463173687458,0.19024337039274328,6.786153846153846
F3799,5-Meo,194,0.6333333333333333,0.16666666666666666,0.2964102341513348,0.23133941226499757,1.0333333333333334,0.3623170256614685,21.91553147882223,0.5078999042510987,20.246153846153845
F3799,5-Meo,200,0.6333333333333333,0.16666666666666666,0.2964102341513348,0.23133941226499757,1.0333333333333334,0.3623170256614685,21.91553147882223,0.5078999042510987,9.733846153846153
F3799,5-Meo,206,0.9666666666666667,0.3666666666666667,0.2578397165317635,0.5050709547914425,1.6,0.1840651035308838,24.61797596514225,0.1711239218711853,2.8153846153846156
F3799,5-Meo,212,0.8,0.23333333333333334,0.1600964084763387,0.2544048633311285,1.1666666666666667,0.1887112855911255,21.33305909484625,0.3388217779306265,26.016923076923078
F3799,5-Meo,216,0.7,0.2,0.20436770219872294,0.26905150715174525,1.1,0.026138782501220703,25.871693581342697,0.4980989802967418,6.6061538461538465
F3799,5-Meo,219,0.7,0.2,0.20436770219872294,0.26905150715174525,1.1,0.026138782501220703,25.871693581342697,0.4980989802967418,12.57846153846154
F3799,5-Meo,220,0.5666666666666667,0.2,0.49536193449366756,0.32215879740736164,1.1666666666666667,0.6939091980457306,14.524725072085857,0.28154420852661133,6.296923076923077
F3799,5-Meo,224,0.5666666666666667,0.2,0.29653117494700476,0.28755060601554466,0.9666666666666667,0.2895786762237549,21.505610957741737,0.45534420013427734,13.261538461538462
F3799,5-Meo,226,0.5666666666666667,0.2,0.29653117494700476,0.28755060601554466,0.9666666666666667,0.2895786762237549,21.505610957741737,0.45534420013427734,27.17076923076923
F3799,5-Meo,232,0.5333333333333333,0.16666666666666666,0.37476928548746963,0.23479148788216844,0.9333333333333333,0.4291630983352661,21.49316769093275,0.5939866701761881,4.046153846153846
F3799,5-Meo,234,0.5333333333333333,0.16666666666666666,0.37476928548746963,0.23479148788216844,0.9333333333333333,0.4291630983352661,21.49316769093275,0.5939866701761881,35.60153846153846
F3799,5-Meo,236,1.0,0.26666666666666666,0.14293873193850457,0.34393846412316503,1.5666666666666667,-0.15510821342468262,27.107139453291893,0.27991941571235657,4.529230769230769
F3799,5-Meo,244,0.3666666666666667,0.5,-1.9622036372073017,0.2961644087604653,1.5,-1.1247482299804688,19.081705033779144,,5.713846153846154
F3799,5-Meo,248,0.5,0.23333333333333334,0.668923634962981,0.6243900308487295,1.1666666666666667,0.6666567027568817,21.034925304353237,0.2990208996666802,7.609230769230769
F3799,5-Meo,252,0.8,0.23333333333333334,0.01003988450559078,0.23645483900637562,1.0333333333333334,0.017179548740386963,18.76739327609539,0.30291359765189035,12.796923076923077
F3799,5-Meo,256,0.23333333333333334,0.1,1.0420541135420798,0.6890606074722817,0.9,1.051128439605236,32.839420437812805,1.2009989420572917,1.3723076923076922
F3799,5-Meo,260,0.6,0.16666666666666666,0.4811415063831647,0.2748252324586642,1.1,0.6270774006843567,18.065979655832052,0.38735549449920653,10.833846153846153
F3799,5-Meo,264,0.6,0.16666666666666666,0.4811415063831647,0.2748252324586642,1.1,0.6270774006843567,18.065979655832052,0.38735549449920653,12.604615384615384
F3799,5-Meo,266,0.26666666666666666,0.06666666666666667,0.7770919947797635,0.26735176253447807,0.9333333333333333,0.8470229804515839,15.750865805894136,1.140426754951477,14.312307692307693
F3799,5-Meo,270,0.5666666666666667,0.23333333333333334,0.27933079036449315,0.278490875588067,1.0666666666666667,0.5690263211727142,14.527076944708824,0.27471771240234377,0.9507692307692308
F3799,5-Meo,278,0.5666666666666667,0.2,0.36387492380000164,0.31112927841462534,0.9666666666666667,0.25203579664230347,25.779918432235718,0.5154326915740967,10.28
F3799,5-Meo,280,0.5666666666666667,0.2,0.36387492380000164,0.31112927841462534,0.9666666666666667,0.25203579664230347,25.779918432235718,0.5154326915740967,11.107692307692307
F3799,5-Meo,290,0.6666666666666666,0.13333333333333333,0.26367784607815203,0.1989560740300323,1.2666666666666666,0.35141533613204956,22.940582647919655,0.621635013156467,20.127692307692307
F3799,5-Meo,296,0.6333333333333333,0.16666666666666666,0.27706343336332145,0.2415433938575483,1.1,0.3820071816444397,20.597546074539423,0.45196056365966797,14.443076923076923
F3799,5-Meo,298,0.9333333333333333,0.3333333333333333,0.18004869362851553,0.3932400579304653,1.4333333333333333,0.1519089937210083,21.89716310799122,0.19398877024650574,2.9892307692307694
F3799,5-Meo,300,0.5,0.13333333333333333,0.6972260625864057,0.39879661262696436,1.1666666666666667,0.08517849445343018,73.97665405273438,1.8369953972952706,0.7507692307692307
F3799,5-Meo,302,0.5666666666666667,0.2,0.43531175493250207,0.30059358390353963,1.0333333333333334,0.3109973073005676,28.58404364436865,0.5826110363006591,9.618461538461538
F3799,5-Meo,308,0.23333333333333334,0.06666666666666667,1.2199227040016398,0.3449045179726769,0.4,1.2369218468666077,22.421829998493195,1.733460783958435,7.115384615384615
F3799,5-Meo,312,0.5333333333333333,0.2,0.2628504979625599,0.27178820651521324,0.9,-1.0248520374298096,55.32948912680149,1.2763184547424316,7.56
F3799,5-Meo,313,0.9,0.2,0.14504252010914348,0.26228902717984004,1.2333333333333332,-1.0110828876495361,48.76396310329437,0.6845980962117513,2.14
F3799,5-Meo,315,0.7666666666666667,0.13333333333333333,0.052327919582727436,0.2404439287146922,0.9,-1.2079181671142578,43.07368302345276,0.784366094149076,0.22923076923076924
F3799,5-Meo,317,0.5,0.13333333333333333,0.5743397218950503,0.3450303936284805,0.6333333333333333,0.021114706993103027,48.06933431327343,1.165916019015842,4.552307692307692
F3799,5-Meo,319,0.6333333333333333,0.16666666666666666,-0.18228860209824904,0.25961099134353666,0.7666666666666667,-4.229696273803711,58.56605613604188,1.266593499617143,2.8661538461538463
F4020,saline,62,0.7666666666666667,0.23333333333333334,0.18155761551492575,0.25707041161505456,1.2333333333333332,0.09125590324401855,26.047355502843857,0.3925662407508263,8.964615384615385
F4020,saline,66,0.7666666666666667,0.23333333333333334,0.18155761551492575,0.25707041161505456,1.2333333333333332,0.09125590324401855,26.047355502843857,0.3925662407508263,4.6692307692307695
F4020,saline,72,1.0666666666666667,0.3666666666666667,0.18864653217899527,0.5007599691230441,1.6333333333333335,0.10358023643493652,21.19118294119835,0.15426788610570571,1.736923076923077
F4020,saline,78,0.4333333333333333,0.23333333333333334,0.519762244192108,0.7311300407246955,1.0,0.3349717855453491,32.60711608082056,0.5756980895996093,1.7215384615384615
F4020,saline,84,0.6666666666666666,0.2,0.45067667383866694,0.28898430161329575,1.0666666666666667,0.4515115022659302,23.80260492488742,0.4556623805652965,6.241538461538462
F4020,saline,90,0.6666666666666666,0.2,0.45067667383866694,0.28898430161329575,1.0666666666666667,0.4515115022659302,23.80260492488742,0.4556623805652965,13.37076923076923
F4020,saline,99,0.6333333333333333,0.23333333333333334,0.4124323651542202,0.3283097990788268,1.1666666666666667,0.3228612542152405,26.65090224891901,0.45072425495494495,6.421538461538462
F4020,saline,101,0.6333333333333333,0.23333333333333334,0.4124323651542202,0.3283097990788268,1.1666666666666667,0.3228612542152405,26.65090224891901,0.45072425495494495,16.28
F4020,saline,105,0.23333333333333334,0.4333333333333333,-4.409745842815586,0.5451876554837785,0.8333333333333334,-1.0143835544586182,13.937340915203094,,0.44
F4020,saline,109,0.23333333333333334,0.1,0.7264803397925925,0.3051704722416639,0.9,0.7679486274719238,18.16384128620848,1.199926733970642,24.233846153846155
F4020,saline,113,0.4666666666666667,1.1666666666666667,0.39120318753271965,0.871543281781873,0.9666666666666667,0.45809972286224365,20.220127183943987,0.23680853843688965,0.2923076923076923
F4020,saline,115,0.4666666666666667,1.1666666666666667,0.39120318753271965,0.871543281781873,0.9666666666666667,0.45809972286224365,20.220127183943987,0.23680853843688965,0.6107692307692307
F4020,saline,121,0.7,0.23333333333333334,0.10213269397883011,0.26697360510052115,1.1333333333333333,0.0236891508102417,22.294511571526527,0.37407636642456055,11.010769230769231
F4020,saline,125,0.7,0.23333333333333334,0.10213269397883011,0.26697360510052115,1.1333333333333333,0.0236891508102417,22.294511571526527,0.37407636642456055,24.373846153846152
F4020,saline,127,0.3,0.5,-2.932354625521156,0.44713211518169854,1.3333333333333333,-0.9772424697875977,15.828960597515106,,1.7061538461538461
F4020,saline,131,0.4333333333333333,0.13333333333333333,0.7643141203502699,0.5529974403057943,1.1,0.7632763087749481,27.034677624702454,0.640900993347168,3.6276923076923078
F4020,saline,133,0.4333333333333333,0.13333333333333333,0.7643141203502699,0.5529974403057943,1.1,0.7632763087749481,27.034677624702454,0.640900993347168,0.6092307692307692
F4020,saline,135,0.4333333333333333,0.3666666666666667,-0.6402983941996246,0.15776228524567676,1.7333333333333332,-0.7054768800735474,0.4698790833353996,0.21551101857965643,0.5723076923076923
F4020,saline,137,0.6,0.23333333333333334,0.3280350589666499,0.2955196434147136,1.1666666666666667,0.2916509509086609,24.407802660018206,0.47372236251831057,32.52307692307692
F4020,saline,139,0.6,0.23333333333333334,0.3280350589666499,0.2955196434147136,1.1666666666666667,0.2916509509086609,24.407802660018206,0.47372236251831057,20.583076923076923
F4020,saline,143,0.7333333333333334,0.4333333333333333,-0.6331757249517649,0.22337349070554932,1.3,-1.2711563110351562,2.587477758526802,0.14273174107074738,2.9076923076923076
F4020,saline,147,0.4666666666666667,0.3,0.4341555815472407,0.8110226940215935,1.0666666666666667,0.1390819549560547,29.828790694475174,0.3843527521405901,2.3276923076923075
F4020,saline,151,1.0666666666666667,0.5,0.3439825556882443,0.8078455023309729,1.7,0.11246764659881592,25.92136776447296,0.11253927946090699,3.9246153846153846
F4020,saline,159,0.6333333333333333,0.2,0.4222874566842923,0.31586056225309767,1.0333333333333334,0.3243218660354614,25.6910512521863,0.4787704727866433,10.11076923076923
F4020,saline,161,0.6333333333333333,0.2,0.4222874566842923,0.31586056225309767,1.0333333333333334,0.3243218660354614,25.6910512521863,0.4787704727866433,9.247692307692308
F4020,saline,163,0.6333333333333333,0.2,0.4222874566842923,0.31586056225309767,1.0333333333333334,0.3243218660354614,25.6910512521863,0.4787704727866433,23.324615384615385
F4020,saline,167,1.1,0.4333333333333333,0.2205161854981091,0.6316036625413002,1.7,-0.04990983009338379,23.161892920732498,0.13014090061187744,1.503076923076923
F4020,saline,169,0.5333333333333333,0.13333333333333333,0.8510080640235229,0.35584580301505525,1.2,0.9332134872674942,14.745098747313023,0.4663397789001465,0.6538461538461539
F4019,5-Meo,72,0.7333333333333334,0.13333333333333333,-0.5856020101262603,0.13870240432547604,0.9,-4.368464946746826,26.716739859431982,0.8429626623789469,4.726153846153847
F4019,5-Meo,80,0.6333333333333333,0.16666666666666666,0.28933992507144485,0.25942384425040804,1.2,-1.3932726383209229,75.98635342717171,1.673739242553711,9.935384615384615
F4019,5-Meo,90,0.7333333333333334,0.2,0.20079381672017615,0.23838233126792385,1.1,0.34447020292282104,18.228486565873027,0.3443077007929484,24.832307692307694
F4019,5-Meo,96,0.9,0.26666666666666666,-0.10306185779699496,0.2263743040568925,1.1333333333333333,0.04187089204788208,14.734594836831093,0.21509957313537598,14.732307692307693
F4019,5-Meo,102,0.9,0.3333333333333333,0.13145149531358333,0.32023243050985445,1.4,0.28138887882232666,17.64075231552124,0.19488536516825358,23.595384615384614
F4019,5-Meo,120,0.7666666666666667,0.23333333333333334,0.21638887948392974,0.2510695612597178,1.2333333333333332,0.426818311214447,16.446421898901463,0.27260055908790004,4.2553846153846155
F4019,5-Meo,128,0.7666666666666667,0.23333333333333334,0.21638887948392974,0.2510695612597178,1.2333333333333332,0.426818311214447,16.446421898901463,0.27260055908790004,6.587692307692308
F4019,5-Meo,134,0.3,0.13333333333333333,0.8396048133767176,0.33061114522615187,0.5333333333333333,0.8605034649372101,17.67294331640005,0.9678524017333985,14.813846153846153
F4019,5-Meo,142,0.3,0.13333333333333333,0.6346043772969613,0.27990182834510824,0.8666666666666666,0.6777706742286682,19.92097718268633,1.0300033569335938,12.307692307692308
F4019,5-Meo,148,0.26666666666666666,0.16666666666666666,1.085185679959998,0.7936585095931914,0.9333333333333333,1.1130192503333092,36.42367045208812,0.8714388012886047,7.018461538461539
F4019,5-Meo,160,0.7,0.23333333333333334,0.2510947814106426,0.271522291663429,1.0,0.27189481258392334,21.303379148244858,0.37331096331278485,14.032307692307691
F4019,5-Meo,168,0.7,0.23333333333333334,0.2510947814106426,0.271522291663429,1.0,0.27189481258392334,21.303379148244858,0.37331096331278485,10.738461538461538
F4019,5-Meo,174,0.3333333333333333,0.16666666666666666,0.5967959526933614,0.2567264165207267,0.8333333333333334,0.6702329814434052,20.52977790310979,1.017398738861084,10.013846153846155
F4019,5-Meo,186,1.2333333333333332,0.2,-0.006994484279849423,0.3324437863495876,1.7666666666666666,-0.42231953144073486,14.99023899435997,0.1687576675415039,3.0784615384615384
F4019,5-Meo,194,0.7666666666666667,0.26666666666666666,0.12092090066850442,0.28273957861197585,1.1,0.11739718914031982,20.335424572229385,0.3061839067018949,35.956923076923076
F4019,5-Meo,198,0.7666666666666667,0.26666666666666666,0.12092090066850442,0.28273957861197585,1.1,0.11739718914031982,20.335424572229385,0.3061839067018949,5.358461538461539
F4019,5-Meo,204,0.7666666666666667,0.26666666666666666,0.12092090066850442,0.28273957861197585,1.1,0.11739718914031982,20.335424572229385,0.3061839067018949,11.573846153846153
F4019,5-Meo,212,0.23333333333333334,0.1,1.0835639364525183,0.937877160493949,0.9,1.136289969086647,36.55425012111664,1.2077710628509521,3.4246153846153846
F4019,5-Meo,224,0.8,0.23333333333333334,0.07028761689179923,0.25988657985277464,1.1333333333333333,0.04409521818161011,20.8676200164482,0.32571616539588344,27.535384615384615
F4019,5-Meo,230,0.8,0.23333333333333334,0.07028761689179923,0.25988657985277464,1.1333333333333333,0.04409521818161011,20.8676200164482,0.32571616539588344,8.104615384615384
F4019,5-Meo,234,0.8,0.23333333333333334,0.07028761689179923,0.25988657985277464,1.1333333333333333,0.04409521818161011,20.8676200164482,0.32571616539588344,15.495384615384616
F4019,5-Meo,258,0.9666666666666667,0.23333333333333334,-0.10325096342921564,0.24047354928167705,1.2333333333333332,-0.27438950538635254,18.96909235417843,0.26922258734703064,11.246153846153845
F4019,5-Meo,268,0.9333333333333333,0.23333333333333334,-0.04481610850304501,0.21597553132399802,1.1666666666666667,-0.06353449821472168,18.714262202382088,0.3001255035400391,15.11076923076923
F4019,5-Meo,274,0.9333333333333333,0.23333333333333334,-0.04481610850304501,0.21597553132399802,1.1666666666666667,-0.06353449821472168,18.714262202382088,0.3001255035400391,2.083076923076923
F4019,5-Meo,280,0.9333333333333333,0.23333333333333334,-0.04481610850304501,0.21597553132399802,1.1666666666666667,-0.06353449821472168,18.714262202382088,0.3001255035400391,6.069230769230769
F4019,5-Meo,298,0.7,0.16666666666666666,0.38786762642765205,0.2705610527790821,1.1666666666666667,0.42134106159210205,21.887807607650757,0.404090682665507,8.323076923076924
F4019,5-Meo,300,0.7,0.16666666666666666,0.38786762642765205,0.2705610527790821,1.1666666666666667,0.42134106159210205,21.887807607650757,0.404090682665507,17.013846153846153
F4019,5-Meo,304,0.7,0.16666666666666666,0.38786762642765205,0.2705610527790821,1.1666666666666667,0.42134106159210205,21.887807607650757,0.404090682665507,3.04
F4019,5-Meo,307,0.7,0.16666666666666666,0.38786762642765205,0.2705610527790821,1.1666666666666667,0.42134106159210205,21.887807607650757,0.404090682665507,0.3569230769230769
F4019,5-Meo,308,0.7,0.16666666666666666,0.38786762642765205,0.2705610527790821,1.1666666666666667,0.42134106159210205,21.887807607650757,0.404090682665507,3.413846153846154
F4019,5-Meo,316,0.8666666666666666,0.23333333333333334,0.01451733490004046,0.2438135870561142,1.2,-0.08217573165893555,21.370314233005047,0.3263790948050363,30.25076923076923
F4019,5-Meo,322,0.8666666666666666,0.23333333333333334,0.01451733490004046,0.2438135870561142,1.2,-0.08217573165893555,21.370314233005047,0.3263790948050363,13.84153846153846
F4019,5-Meo,326,0.3333333333333333,0.13333333333333333,0.6365882984962521,0.27731511459386443,1.0,0.6209448575973511,25.369592107832432,1.2311171531677245,19.646153846153847
F4019,5-Meo,334,0.23333333333333334,0.13333333333333333,1.0395385759995954,0.8343943653259845,0.9,1.0568617060780525,35.03291513025761,1.1717586517333984,8.567692307692308
F4019,5-Meo,342,0.26666666666666666,0.13333333333333333,1.072521280603343,0.7508196644915354,0.9333333333333333,1.0806477591395378,31.579393073916435,0.7674148678779602,5.063076923076923
F4019,5-Meo,350,0.8,0.23333333333333334,-0.04481548922005146,0.24629138101467135,1.0666666666666667,-0.3907715082168579,23.07767730113119,0.3971100587111253,4.427692307692308
F4019,5-Meo,352,0.8,0.23333333333333334,-0.04481548922005146,0.24629138101467135,1.0666666666666667,-0.3907715082168579,23.07767730113119,0.3971100587111253,1.7661538461538462
F4019,5-Meo,356,0.8,0.23333333333333334,-0.04481548922005146,0.24629138101467135,1.0666666666666667,-0.3907715082168579,23.07767730113119,0.3971100587111253,1.8184615384615384
F4019,5-Meo,362,0.9666666666666667,0.3666666666666667,-0.03597508870943979,0.38727119327348253,1.1666666666666667,0.074795663356781,13.896610213443637,0.12350624137454563,4.0830769230769235
F4019,5-Meo,384,0.7333333333333334,0.2,0.09070040023773995,0.25819116982874524,1.0,-0.09719228744506836,23.08471018821001,0.4247746467590332,10.42
F4019,5-Meo,388,0.7333333333333334,0.2,0.09070040023773995,0.25819116982874524,1.0,-0.09719228744506836,23.08471018821001,0.4247746467590332,22.593846153846155
F4019,5-Meo,398,0.7333333333333334,0.2,0.09070040023773995,0.25819116982874524,1.0,-0.09719228744506836,23.08471018821001,0.4247746467590332,1.6246153846153846
F4019,5-Meo,412,0.9666666666666667,0.23333333333333334,0.11864652168067923,0.269091596580575,1.3333333333333333,-0.127730131149292,26.575836058706045,0.3546145439147949,10.772307692307692
F4019,5-Meo,414,0.9666666666666667,0.23333333333333334,0.11864652168067923,0.269091596580575,1.3333333333333333,-0.127730131149292,26.575836058706045,0.3546145439147949,15.633846153846154
F4019,5-Meo,424,0.7,0.16666666666666666,0.264295534832674,0.25342510470210644,0.9,0.10547864437103271,26.16338212788105,0.5054812431335449,19.536923076923078
F4019,5-Meo,430,0.7,0.16666666666666666,0.264295534832674,0.25342510470210644,0.9,0.10547864437103271,26.16338212788105,0.5054812431335449,7.6461538461538465
F4019,5-Meo,434,0.7,0.16666666666666666,0.264295534832674,0.25342510470210644,0.9,0.10547864437103271,26.16338212788105,0.5054812431335449,9.670769230769231
F4019,5-Meo,446,0.8,0.2,0.4120667365285256,0.2996752050761172,1.4666666666666668,0.19290614128112793,40.69671832025051,0.6468452930450439,2.212307692307692
F4019,5-Meo,458,1.1,0.2,0.43991928507463257,0.4736190550020691,1.7666666666666666,-0.19320940971374512,42.874691404402256,0.32385084629058836,3.2153846153846155
F4019,5-Meo,470,0.9666666666666667,0.23333333333333334,-0.06371851802996763,0.22251431463688554,1.1666666666666667,-0.7976487874984741,28.680193208158016,0.444433331489563,3.603076923076923
F4019,5-Meo,476,0.9666666666666667,0.23333333333333334,-0.06371851802996763,0.22251431463688554,1.1666666666666667,-0.7976487874984741,28.680193208158016,0.444433331489563,3.312307692307692
F4019,5-Meo,484,0.4666666666666667,0.16666666666666666,0.5371436752942046,0.286592024559741,1.1333333333333333,0.4026672840118408,34.60172960162163,1.1536370913187664,6.701538461538462
F4019,5-Meo,504,0.7333333333333334,0.2,0.04261807389096693,0.26571243532921845,0.9333333333333333,-0.647331953048706,29.396754825487733,0.6137854402715509,2.206153846153846
F4019,5-Meo,520,0.9,0.2,0.06339973234015468,0.2218239287666458,1.4,-1.0932886600494385,48.65501054376364,0.824175394498385,0.48
F4019,5-Meo,526,0.9,0.2,0.06339973234015468,0.2218239287666458,1.4,-1.0932886600494385,48.65501054376364,0.824175394498385,0.943076923076923
F4019,5-Meo,530,0.9,0.2,0.06339973234015468,0.2218239287666458,1.4,-1.0932886600494385,48.65501054376364,0.824175394498385,0.15076923076923077
F4019,5-Meo,536,0.9,0.2,0.06339973234015468,0.2218239287666458,1.4,-1.0932886600494385,48.65501054376364,0.824175394498385,1.5646153846153845
F4019,5-Meo,542,0.8666666666666666,0.16666666666666666,0.5389692434866442,0.23976565724263055,1.0333333333333334,0.2453048825263977,50.64652079343796,0.8755951722462972,1.9907692307692308
F4019,5-Meo,552,0.6333333333333333,0.16666666666666666,-0.04708228260894689,0.19913614068152022,0.7666666666666667,-2.132157564163208,52.1021773815155,1.3012939799915662,0.3553846153846154
F4019,5-Meo,564,0.9,0.2,0.9915711655019691,0.38331257912610905,1.2333333333333332,0.972135066986084,119.40870904922485,1.321264853844276,1.4953846153846153
F4019,5-Meo,574,0.9,0.2,0.9915711655019691,0.38331257912610905,1.2333333333333332,0.972135066986084,119.40870904922485,1.321264853844276,0.9892307692307692
F4019,5-Meo,582,1.0333333333333334,0.16666666666666666,0.27934189286177874,0.2590858300744185,1.7,-1.8816075325012207,87.96338784694672,1.4103291375296456,1.4830769230769232
F4019,5-Meo,588,1.0333333333333334,0.16666666666666666,0.27934189286177874,0.2590858300744185,1.7,-1.8816075325012207,87.96338784694672,1.4103291375296456,1.7276923076923076
F4019,5-Meo,596,0.9333333333333333,0.26666666666666666,0.3593692888268944,0.3546411343341912,1.6,-2.220325231552124,124.02611038088799,1.3762974057878767,1.3215384615384616
F4019,5-Meo,602,0.9,0.16666666666666666,0.00742950398167552,0.21117758056836283,1.0666666666666667,-4.0632195472717285,100.3068442940712,1.738217898777553,0.010769230769230769
F4019,5-Meo,632,0.7333333333333334,0.2,0.20079381672017615,0.23838233126792385,1.1,0.34447020292282104,18.228486565873027,0.3443077007929484,8.816923076923077
M4017,saline,74,0.9333333333333333,0.26666666666666666,0.3354266138768438,0.3848781703035613,1.6,0.44018733501434326,20.602515364065766,0.22482943534851074,5.64
M4017,saline,83,0.7,0.3,0.28847035353692435,0.37487199350090544,1.3,0.22957158088684082,24.79377530887723,0.3383280797438188,2.5784615384615384
M4017,saline,85,0.7,0.3,0.28847035353692435,0.37487199350090544,1.3,0.22957158088684082,24.79377530887723,0.3383280797438188,19.838461538461537
M4017,saline,91,0.7666666666666667,0.23333333333333334,0.11158189909866009,0.24649212744871365,0.9666666666666667,0.006996333599090576,22.922117829322815,0.3877292046180138,10.523076923076923
M4017,saline,95,0.7666666666666667,0.23333333333333334,0.11158189909866009,0.24649212744871365,0.9666666666666667,0.006996333599090576,22.922117829322815,0.3877292046180138,22.22769230769231
M4017,saline,103,0.9666666666666667,0.5666666666666667,0.5946654673020192,0.950606891000644,1.6333333333333335,0.5241217017173767,29.20224780589342,0.1094153920809428,1.8153846153846154
M4017,saline,113,0.23333333333333334,0.2,5.440346699479843,0.6646005327252479,0.3333333333333333,2.56756591796875,31.095618285238743,0.8552587032318115,1.903076923076923
M4017,saline,131,0.8666666666666666,0.26666666666666666,0.09150411661812939,0.28746306730410015,1.2666666666666666,0.12795281410217285,19.88498266413808,0.260334849357605,14.32
M4017,saline,141,0.8666666666666666,0.26666666666666666,0.09150411661812939,0.28746306730410015,1.2666666666666666,0.12795281410217285,19.88498266413808,0.260334849357605,2.76
M4017,saline,149,0.8666666666666666,0.4,0.5830803589264243,0.6360674038574847,1.5333333333333334,0.5997387766838074,26.661343686282635,0.18380089906545785,2.0184615384615383
M4017,saline,159,0.3,0.2,35.42690415614636,0.5647671866692944,0.4,2.7001997232437134,32.5220395475626,0.7963331341743469,2.710769230769231
M4017,saline,167,0.7333333333333334,0.2,0.21069240575051773,0.26294500619725164,1.1333333333333333,-0.6845086812973022,48.05080919712782,0.8188693523406982,11.198461538461538
M4017,saline,177,0.3333333333333333,0.13333333333333333,0.8608125301785412,0.2683850269849581,0.6333333333333333,0.9112949445843697,20.38101596198976,0.8837360382080078,2.4907692307692306
M4017,saline,185,0.8,0.26666666666666666,0.025537944359366127,0.265974932974209,1.1,0.057370126247406006,18.22515146806836,0.28690884663508487,12.224615384615385
M4017,saline,193,0.8,0.26666666666666666,0.025537944359366127,0.265974932974209,1.1,0.057370126247406006,18.22515146806836,0.28690884663508487,1.593846153846154
M4017,saline,201,0.26666666666666666,0.06666666666666667,0.8936849331292329,0.5415954280879834,0.9333333333333333,0.8859329372644424,31.09206000715494,0.937860369682312,2.5892307692307694
M4017,saline,211,0.7,0.23333333333333334,0.22415145084008792,0.29061077874012,1.1333333333333333,0.3271391987800598,18.867141347378492,0.30443211396535236,1.2692307692307692
M4017,saline,213,0.7,0.23333333333333334,0.22415145084008792,0.29061077874012,1.1333333333333333,0.3271391987800598,18.867141347378492,0.30443211396535236,8.19076923076923
M4017,saline,219,0.7,0.23333333333333334,0.22415145084008792,0.29061077874012,1.1333333333333333,0.3271391987800598,18.867141347378492,0.30443211396535236,12.216923076923077
M4017,saline,227,0.5,0.4333333333333333,-0.1130008678881648,0.42579217622245363,1.1333333333333333,-0.23333430290222168,14.602511927485466,0.25648874706692165,0.4815384615384615
M4017,saline,231,0.6666666666666666,0.16666666666666666,-0.10547742998837703,0.21988196441315142,0.8333333333333334,-1.8640201091766357,39.8127708286047,0.878307580947876,7.252307692307692
M4017,saline,237,0.26666666666666666,0.5,-3.5248761280382133,0.5282608338236313,1.3333333333333333,-0.9219917058944702,13.44163054227829,,1.0846153846153845
M4017,saline,245,0.7,0.23333333333333334,0.24124907072798843,0.2927171464249097,1.0,0.05448728799819946,26.05544311925769,0.44034965833028156,15.933846153846154
M4017,saline,251,0.7,0.23333333333333334,0.24124907072798843,0.2927171464249097,1.0,0.05448728799819946,26.05544311925769,0.44034965833028156,9.698461538461538
M4017,saline,259,0.6333333333333333,0.26666666666666666,0.4631702727620344,0.3980340171912593,1.2666666666666666,0.5997151732444763,17.514714647084475,0.27409887313842773,1.756923076923077
M4017,saline,265,0.23333333333333334,0.06666666666666667,3.082266902609424,0.637027056110255,0.3333333333333333,2.24907386302948,33.321579879149795,0.9610262513160706,4.189230769230769
M4017,saline,273,0.8666666666666666,0.23333333333333334,0.11091517155793684,0.2604672554826298,1.3,-0.05142378807067871,26.045221146196127,0.38798864071185774,5.053846153846154
M4017,saline,275,0.8666666666666666,0.23333333333333334,0.11091517155793684,0.2604672554826298,1.3,-0.05142378807067871,26.045221146196127,0.38798864071185774,3.5
M4017,saline,279,0.16666666666666666,0.2,1.0798823222367828,0.7350611397462671,0.6333333333333333,1.111522190272808,46.441732719540596,1.3167540232340496,0.8092307692307692
M4017,saline,283,0.9,0.3666666666666667,0.5655428099586456,0.6456136488676386,1.5666666666666667,0.5444005131721497,27.52534519135952,0.16952635447184244,1.2753846153846153
M4017,saline,291,0.8666666666666666,0.23333333333333334,0.02331975230286058,0.24422982980502356,1.2333333333333332,0.0643850564956665,19.009190425276756,0.30875503099881685,3.626153846153846
M4017,saline,295,0.8666666666666666,0.23333333333333334,0.02331975230286058,0.24422982980502356,1.2333333333333332,0.0643850564956665,19.009190425276756,0.30875503099881685,13.856923076923078
M4017,saline,299,0.7666666666666667,0.26666666666666666,0.5536327545953569,0.47338937050385577,1.4333333333333333,0.6031176149845123,25.15976683050394,0.24317455291748047,0.7292307692307692
M4017,saline,303,0.4333333333333333,0.4333333333333333,-1.0226253397921052,0.009201903080084771,1.5333333333333334,-0.7721207141876221,16.773859158158302,,0.33076923076923076
M4017,saline,311,0.26666666666666666,0.16666666666666666,0.6609269418308147,0.6306096537331338,0.8,0.5361935496330261,35.37956752628088,0.9006860256195068,0.7815384615384615
M4017,saline,317,1.0666666666666667,0.4,-0.03783582890890652,0.38513953727162664,1.6,-0.03695642948150635,17.602776668965816,0.1560065895318985,0.6
M4017,saline,325,0.6666666666666666,0.2,0.44855865516933696,0.3146761595665912,1.1,0.5098907351493835,20.91935744136572,0.37194022265347565,5.010769230769231
M4017,saline,329,0.6666666666666666,0.2,0.44855865516933696,0.3146761595665912,1.1,0.5098907351493835,20.91935744136572,0.37194022265347565,0.7861538461538462
M4017,saline,335,0.6666666666666666,0.23333333333333334,0.30165231865079856,0.2847765832052437,1.0,0.21732443571090698,24.663556203246117,0.42689351240793866,6.121538461538462
M4017,saline,341,0.6666666666666666,0.23333333333333334,0.30165231865079856,0.2847765832052437,1.0,0.21732443571090698,24.663556203246117,0.42689351240793866,21.716923076923077
M4017,saline,347,1.0,0.4666666666666667,0.5526333391669115,0.7174690268236061,1.4,0.6113148927688599,20.778275564312935,0.09895698020332738,0.936923076923077
M4017,saline,355,0.8,0.23333333333333334,0.15740047286918868,0.28504140173947223,1.1666666666666667,-0.03217911720275879,26.765057487413287,0.3826187207148625,4.241538461538462
M4017,saline,357,0.8,0.23333333333333334,0.15740047286918868,0.28504140173947223,1.1666666666666667,-0.03217911720275879,26.765057487413287,0.3826187207148625,9.932307692307692
M4017,saline,365,0.4,0.2,0.495649495274274,0.31923665008670365,1.0666666666666667,0.568168967962265,20.08814257197082,0.8022846221923828,4.889230769230769
M4017,saline,369,0.9333333333333333,0.4333333333333333,0.353619726137984,0.5815583501370762,1.5666666666666667,0.3169655203819275,24.573654916137457,0.15372267365455627,1.8107692307692307
M4017,saline,398,0.8333333333333334,0.2,0.07871782759980489,0.22045509106463215,1.2666666666666666,0.30179286003112793,17.037825047969818,0.3090281883875529,1.6246153846153846
M4017,saline,402,0.8333333333333334,0.2,0.07871782759980489,0.22045509106463215,1.2666666666666666,0.30179286003112793,17.037825047969818,0.3090281883875529,9.753846153846155
M4017,saline,410,0.8333333333333334,0.2,0.07871782759980489,0.22045509106463215,1.2666666666666666,0.30179286003112793,17.037825047969818,0.3090281883875529,4.173846153846154
M4017,saline,418,0.7333333333333334,0.3666666666666667,0.4172302654841293,0.48522238810842705,1.4,0.45065248012542725,24.033699698746204,0.22943967580795288,3.0215384615384617
M4017,saline,428,0.7,0.23333333333333334,0.28571173868663635,0.2778025110863726,1.1,0.2955601215362549,22.234255582094193,0.38036155700683594,2.6353846153846154
M4017,saline,432,0.7,0.23333333333333334,0.28571173868663635,0.2778025110863726,1.1,0.2955601215362549,22.234255582094193,0.38036155700683594,3.769230769230769
M4017,saline,442,0.6666666666666666,0.2,0.3544859293664907,0.2818321616957117,1.0,0.34108448028564453,22.985252546146512,0.4459798986261541,2.809230769230769
M4017,saline,450,0.6666666666666666,0.2,0.3544859293664907,0.2818321616957117,1.0,0.34108448028564453,22.985252546146512,0.4459798986261541,15.413846153846153
M4017,saline,454,0.6666666666666666,0.2,0.3544859293664907,0.2818321616957117,1.0,0.34108448028564453,22.985252546146512,0.4459798986261541,18.564615384615383
M4017,saline,458,1.0333333333333334,0.5,0.38135848503232483,0.7819135162059305,1.6666666666666667,0.24136656522750854,26.039309412240982,0.1140215647848029,1.3307692307692307
M4017,saline,466,0.7333333333333334,0.2,0.20616844747679894,0.2498170547987079,1.2,0.3190496563911438,20.333615865558386,0.3765132643959739,3.3876923076923076
M4017,saline,468,0.7333333333333334,0.2,0.20616844747679894,0.2498170547987079,1.2,0.3190496563911438,20.333615865558386,0.3765132643959739,14.883076923076922
M4017,saline,472,0.8,0.23333333333333334,0.16132561061848014,0.2794471114455097,1.1,-0.9379031658172607,48.080300867557526,0.7386687352107122,0.2076923076923077
M4017,saline,474,0.8,0.23333333333333334,0.16132561061848014,0.2794471114455097,1.1,-0.9379031658172607,48.080300867557526,0.7386687352107122,0.9261538461538461
M4017,saline,476,0.8,0.23333333333333334,0.16132561061848014,0.2794471114455097,1.1,-0.9379031658172607,48.080300867557526,0.7386687352107122,0.18769230769230769
M4017,saline,486,0.23333333333333334,0.1,0.73244365060526,0.5526470359726496,0.9,0.8975907936692238,6.966626520268619,0.29996806383132935,0.9830769230769231
M4017,saline,492,0.9,0.4333333333333333,0.4402347005749439,0.6153914811185545,1.5666666666666667,0.41380780935287476,26.263266175985336,0.16338966687520345,1.8784615384615384
M4017,saline,496,0.8666666666666666,0.23333333333333334,0.09532874151517946,0.23987917281971066,1.2,-1.5052459239959717,59.15455174446106,0.9031990596226284,1.5461538461538462
M4017,saline,500,0.6666666666666666,0.26666666666666666,0.3129230811627546,0.3606474455512262,1.0,-0.23938238620758057,37.13270355761051,0.5472366015116373,4.218461538461538
M4017,saline,502,0.23333333333333334,0.06666666666666667,0.8585139267116517,0.38750274958558434,0.9,0.5465997457504272,65.43946662545204,3.842369318008423,0.7430769230769231
M4017,saline,504,0.3,0.16666666666666666,0.5541393169605562,0.3009675837620363,0.9666666666666667,0.44901472330093384,26.227922335267067,1.276265525817871,14.604615384615384
M4017,saline,508,0.9,0.2,0.08746998769013789,0.21991593824676142,1.4333333333333333,-1.7985844612121582,70.7234158962965,1.2637774149576824,0.7338461538461538
M4017,saline,512,0.26666666666666666,0.13333333333333333,0.7502478089772507,0.293091224839187,0.5,0.7811106294393539,18.427598971873522,1.046747875213623,24.815384615384616
M4017,saline,514,0.3,0.4666666666666667,-3.0117524233336037,0.3384199772059835,1.5333333333333334,-0.4209493398666382,13.981764316558838,,0.14615384615384616
M4017,saline,518,0.8666666666666666,0.16666666666666666,0.10769678655266778,0.20325606366851945,1.4333333333333333,-2.4857003688812256,97.256058588624,1.935362382368608,0.19384615384615383
M4018,5-Meo,39,0.6,0.2,0.16460399141320486,0.26495357813588255,1.2333333333333332,-1.2292146682739258,66.4645379781723,1.1729188919067384,0.13846153846153847
M4018,5-Meo,70,0.3,0.13333333333333333,1.0352026020039524,0.6482569257431532,0.9666666666666667,1.0352013260126114,33.224994629621506,0.7848465442657471,1.3107692307692307
M4018,5-Meo,74,0.7666666666666667,0.2,0.053392027670737405,0.20526845970537386,1.1,0.2376207709312439,17.617074877023697,0.31792548986581654,13.475384615384616
M4018,5-Meo,78,1.1333333333333333,0.4333333333333333,0.18504441249021758,0.5779784447842625,1.6333333333333335,0.056731581687927246,18.553440779447556,0.11300692104157947,2.6015384615384614
M4018,5-Meo,80,0.6,0.3333333333333333,0.3717162448664451,0.564781651332343,1.1333333333333333,0.297294020652771,19.386158853769302,0.24694988944313742,1.616923076923077
M4018,5-Meo,84,0.7666666666666667,0.23333333333333334,0.20856560103003477,0.2722816570590937,1.3666666666666667,0.2855933904647827,22.931616708636284,0.3338882525761922,41.97692307692308
M4018,5-Meo,86,1.1333333333333333,0.4333333333333333,0.23551647924920316,0.6331580129710112,1.6666666666666667,0.027464628219604492,21.41418331861496,0.11821005457923525,9.927692307692308
M4018,5-Meo,88,0.5666666666666667,0.3666666666666667,0.5265988285326845,0.698928938399661,1.1666666666666667,0.417181134223938,24.925449401140213,0.2689033269882202,7.115384615384615
M4018,5-Meo,90,0.5666666666666667,0.4,0.35416378715932834,0.6064235571707488,1.1666666666666667,0.16307306289672852,22.062972150743008,0.2893745183944702,2.6923076923076925
M4018,5-Meo,92,0.23333333333333334,0.4666666666666667,-4.636661928478813,0.5186974451626046,1.3333333333333333,-1.002180576324463,14.434627950191498,,4.1523076923076925
M4018,5-Meo,98,0.7,0.26666666666666666,0.2313770818046252,0.2961863582239194,1.1,0.26245617866516113,21.48355095461011,0.3324445883433024,30.416923076923077
M4018,5-Meo,100,0.7,0.26666666666666666,0.2313770818046252,0.2961863582239194,1.1,0.26245617866516113,21.48355095461011,0.3324445883433024,43.65538461538461
M4018,5-Meo,106,0.7,0.2,0.251548038736387,0.2779335112265052,1.0333333333333334,-1.1235904693603516,62.099695295095444,1.064712127049764,5.689230769230769
M4018,5-Meo,110,0.7,0.2,0.251548038736387,0.2779335112265052,1.0333333333333334,-1.1235904693603516,62.099695295095444,1.064712127049764,8.218461538461538
M4018,5-Meo,114,0.7,0.23333333333333334,0.23694335648900597,0.27127991991335354,1.0,0.3469979763031006,18.500120762735605,0.3251686493555705,39.10923076923077
M4018,5-Meo,118,1.1,0.5333333333333333,0.4464289163179081,0.898854132069205,1.7666666666666666,0.18510043621063232,27.63019847869873,0.10767524892633612,2.4507692307692306
M4018,5-Meo,126,0.6666666666666666,0.16666666666666666,0.25842404595031704,0.27039735419646393,0.8666666666666666,-0.2645949125289917,34.76277496665716,0.661361813545227,9.315384615384616
M4018,5-Meo,128,0.6666666666666666,0.16666666666666666,0.25842404595031704,0.27039735419646393,0.8666666666666666,-0.2645949125289917,34.76277496665716,0.661361813545227,13.315384615384616
M4018,5-Meo,134,0.6666666666666666,0.23333333333333334,0.2072752914856543,0.27112414916745164,1.1,0.2973718047142029,18.979658395051956,0.3288970987002055,3.667692307692308
M4018,5-Meo,136,0.6666666666666666,0.23333333333333334,0.2072752914856543,0.27112414916745164,1.1,0.2973718047142029,18.979658395051956,0.3288970987002055,21.512307692307694
M4018,5-Meo,140,1.1666666666666667,0.4,0.13071009351508353,0.5196634465684146,1.7,-0.0015388727188110352,18.568594694137573,0.13194066599795692,1.6738461538461538
M4018,5-Meo,148,0.5666666666666667,0.16666666666666666,0.24600826161344974,0.21461406633009603,1.1,0.41948235034942627,17.9018148817122,0.49667130576239693,9.04923076923077
M4018,5-Meo,154,0.26666666666666666,0.13333333333333333,0.8368035521404528,0.5260474046860838,0.9333333333333333,0.8416555672883987,22.749906718730927,0.846973717212677,10.181538461538462
M4018,5-Meo,156,0.5666666666666667,0.3,0.37159681858002663,0.5657614198559119,1.1,0.243538498878479,20.959779500961304,0.29183783531188967,0.36153846153846153
M4018,5-Meo,160,1.1333333333333333,0.4666666666666667,0.14588259797099198,0.5518036722591156,1.6,0.037422895431518555,17.52274289727211,0.11144336064656575,0.5292307692307693
M4018,5-Meo,162,0.7,0.2,0.14122744710605478,0.26723854424682114,0.9666666666666667,0.1873728632926941,18.33070020750165,0.33674800395965576,37.19538461538462
M4018,5-Meo,168,0.6666666666666666,0.2,0.3136924375789658,0.2988731692844179,1.0666666666666667,-0.23739361763000488,38.98272880166769,0.6604114770889282,10.26
M4018,5-Meo,170,0.6666666666666666,0.2,0.3136924375789658,0.2988731692844179,1.0666666666666667,-0.23739361763000488,38.98272880166769,0.6604114770889282,7.3246153846153845
M4018,5-Meo,171,0.6666666666666666,0.2,0.3136924375789658,0.2988731692844179,1.0666666666666667,-0.23739361763000488,38.98272880166769,0.6604114770889282,0.2630769230769231
M4018,5-Meo,174,0.3,0.13333333333333333,0.6627594557055596,0.4419628295224192,0.9,0.6543199121952057,22.188184302300215,0.7712732315063476,3.1753846153846155
M4018,5-Meo,176,0.23333333333333334,0.4666666666666667,-5.569069351791779,0.5058238951658368,1.3333333333333333,-0.9692416191101074,15.558123767375946,,2.729230769230769
M4018,5-Meo,180,0.7,0.23333333333333334,0.2919543544485967,0.26812564350577095,1.0333333333333334,0.1909806728363037,26.592902421951294,0.4588019053141276,23.595384615384614
M4018,5-Meo,186,0.7,0.23333333333333334,0.2919543544485967,0.26812564350577095,1.0333333333333334,0.1909806728363037,26.592902421951294,0.4588019053141276,5.592307692307692
M4018,5-Meo,188,0.7,0.23333333333333334,0.2919543544485967,0.26812564350577095,1.0333333333333334,0.1909806728363037,26.592902421951294,0.4588019053141276,24.783076923076923
M4018,5-Meo,190,0.5333333333333333,0.26666666666666666,0.4191632135210765,0.5715178400292803,1.0666666666666667,0.2763832211494446,23.82604117691517,0.3437277211083306,2.736923076923077
M4018,5-Meo,198,0.9333333333333333,0.26666666666666666,-0.17854325144759772,0.2210017713053417,1.1666666666666667,-0.8580259084701538,24.301227122545242,0.3662479519844055,2.5353846153846153
M4018,5-Meo,200,0.9333333333333333,0.26666666666666666,-0.17854325144759772,0.2210017713053417,1.1666666666666667,-0.8580259084701538,24.301227122545242,0.3662479519844055,0.6307692307692307
M4018,5-Meo,206,0.7,0.2,0.18487936846710062,0.24686886848298553,0.9666666666666667,0.06141024827957153,24.541036680340767,0.46055392424265545,16.495384615384616
M4018,5-Meo,208,0.7,0.2,0.18487936846710062,0.24686886848298553,0.9666666666666667,0.06141024827957153,24.541036680340767,0.46055392424265545,19.644615384615385
M4018,5-Meo,212,0.7,0.2,0.18487936846710062,0.24686886848298553,0.9666666666666667,0.06141024827957153,24.541036680340767,0.46055392424265545,9.72
M4018,5-Meo,214,0.26666666666666666,0.1,2.3429396498479873,0.7835745808339639,0.4,2.149424433708191,36.34338799118996,0.9128767251968384,5.949230769230769
M4018,5-Meo,220,0.26666666666666666,0.5,-3.2754669118352644,0.5020450169462473,1.3333333333333333,-0.8788890838623047,13.330976694822311,,2.3030769230769232
M4018,5-Meo,228,0.6666666666666666,0.2,0.004766005962125351,0.26416657409805405,0.8,-2.1921794414520264,53.69972787797451,1.0166416962941487,14.19076923076923
M4018,5-Meo,235,0.7,0.23333333333333334,0.2561393580580417,0.2870734445676074,1.1333333333333333,0.26102375984191895,22.876436160877347,0.36224504311879474,35.10769230769231
M4018,5-Meo,237,0.7,0.23333333333333334,0.2561393580580417,0.2870734445676074,1.1333333333333333,0.26102375984191895,22.876436160877347,0.36224504311879474,17.875384615384615
M4018,5-Meo,239,1.0,0.23333333333333334,0.01597040940270793,0.23937516414192164,1.3,0.43339312076568604,11.334708631038666,0.16292374928792316,1.876923076923077
M4018,5-Meo,241,1.1,0.6,0.48774498632858415,0.9896093947567953,1.7666666666666666,0.26210230588912964,28.505282759666443,0.10312294960021973,5.653846153846154
M4018,5-Meo,245,0.3333333333333333,0.13333333333333333,0.5249373668616948,0.24911043714995804,0.9333333333333333,0.5543277263641357,20.847789779305458,0.9571358362833658,27.46153846153846
M4018,5-Meo,251,0.3666666666666667,0.4333333333333333,-0.7350353909675928,0.14073930266754697,1.7333333333333332,-0.9774988889694214,0.20334836840629578,0.2145756244659424,0.09538461538461539
M4018,5-Meo,256,1.0666666666666667,0.26666666666666666,-0.1375066273266662,0.22759991647730493,1.3666666666666667,-0.3126974105834961,18.736317813396454,0.27332186698913574,5.67076923076923
M4018,5-Meo,258,1.0666666666666667,0.26666666666666666,-0.1375066273266662,0.22759991647730493,1.3666666666666667,-0.3126974105834961,18.736317813396454,0.27332186698913574,4.4338461538461535
M4018,5-Meo,262,1.0666666666666667,0.26666666666666666,-0.1375066273266662,0.22759991647730493,1.3666666666666667,-0.3126974105834961,18.736317813396454,0.27332186698913574,0.4707692307692308
M4018,5-Meo,264,0.9,0.23333333333333334,0.3443899691739599,0.320137836402116,1.5666666666666667,0.4736422896385193,24.131190307438374,0.3065003481778232,3.269230769230769
M4018,5-Meo,266,0.9,0.23333333333333334,-0.03995265756738625,0.2154946830582676,1.2333333333333332,-0.08557665348052979,20.684172064065933,0.33218114716666086,28.306153846153848
M4018,5-Meo,270,0.9,0.23333333333333334,-0.03995265756738625,0.2154946830582676,1.2333333333333332,-0.08557665348052979,20.684172064065933,0.33218114716666086,3.943076923076923
M4018,5-Meo,272,0.9,0.23333333333333334,-0.03995265756738625,0.2154946830582676,1.2333333333333332,-0.08557665348052979,20.684172064065933,0.33218114716666086,8.932307692307692
M4018,5-Meo,274,0.9,0.2,0.03886532103803645,0.22334794773713132,1.1333333333333333,-1.4981322288513184,51.39412686228752,0.8635359491620745,1.8784615384615384
M4018,5-Meo,276,0.7,0.2,0.23691763897277163,0.2676961478051505,0.9333333333333333,-1.8209216594696045,79.50892951339483,1.423432985941569,3.5015384615384617
M4018,5-Meo,282,0.6333333333333333,0.23333333333333334,0.20394927390346546,0.2841251309966949,1.0666666666666667,-1.3898358345031738,60.243492886424065,1.1564668308604846,3.9261538461538463
M4018,5-Meo,284,0.6333333333333333,0.23333333333333334,0.20394927390346546,0.2841251309966949,1.0666666666666667,-1.3898358345031738,60.243492886424065,1.1564668308604846,0.6061538461538462
M4018,5-Meo,286,0.6333333333333333,0.23333333333333334,0.20394927390346546,0.2841251309966949,1.0666666666666667,-1.3898358345031738,60.243492886424065,1.1564668308604846,8.04923076923077
M4018,5-Meo,288,0.5,0.23333333333333334,0.288468222504721,0.3065521709650452,1.1,0.3953897953033447,18.250620804727077,0.51021409034729,7.690769230769231
M4018,5-Meo,290,0.5,0.23333333333333334,0.288468222504721,0.3065521709650452,1.1,0.3953897953033447,18.250620804727077,0.51021409034729,10.94923076923077
M4018,5-Meo,292,1.0666666666666667,0.3333333333333333,-0.06681940973508768,0.283027998544346,1.4333333333333333,0.03209561109542847,16.291663363575935,0.18696394562721252,4.947692307692308
M4018,5-Meo,294,0.6333333333333333,0.3666666666666667,0.7095703148073775,0.7728261790499118,1.3,0.6966787576675415,26.281877174973488,0.21002658930691806,0.28615384615384615
M4018,5-Meo,298,0.6333333333333333,0.2,0.34227320917474324,0.2944009464571218,1.1666666666666667,-1.102942705154419,70.76973661780357,1.3252290378917346,15.526153846153846
M4018,5-Meo,300,0.3,0.13333333333333333,0.7005439857780819,0.270791470466632,0.9,0.6556190848350525,25.449203100055456,1.4444047927856445,38.29692307692308
M4018,5-Meo,302,0.3,0.13333333333333333,0.6307569402711956,0.2636378676390027,0.9,0.6103022396564484,24.681485237553716,1.3056507110595703,33.10923076923077
