mouse_id,group,unit_id,cluster,cluster_label,duration,half_width_duration,peak_amplitude_asymmetry,peak_to_trough_ratio,duration_between_peaks,one_minus_left_peak,area_after_min,repolarization_slope,firing_rate
F3876,saline,58,0,Putative Excitatory Unit,0.7333333333333334,0.2,0.2029048542646956,0.2501435980755828,1.1666666666666667,0.3769309520721435,16.892292268574238,0.3132468064626058,1.7615384615384615
F3876,saline,66,0,Putative Excitatory Unit,0.7333333333333334,0.2,0.2029048542646956,0.2501435980755828,1.1666666666666667,0.3769309520721435,16.892292268574238,0.3132468064626058,0.283076923076923
F3876,saline,72,0,Putative Excitatory Unit,0.7333333333333334,0.2,0.2853765097642843,0.2646807398129135,1.1333333333333333,0.3533119559288025,20.46654093265533,0.3662219047546386,2.164615384615385
F3876,saline,80,0,Putative Excitatory Unit,0.7333333333333334,0.2,0.2853765097642843,0.2646807398129135,1.1333333333333333,0.3533119559288025,20.46654093265533,0.3662219047546386,1.0461538461538462
F3876,saline,104,0,Putative Excitatory Unit,0.8666666666666666,0.2,0.1989727658591587,0.2650089918043775,1.3,0.3381186723709106,18.538961596786976,0.2670259816305978,6.638461538461539
F3876,saline,109,0,Putative Excitatory Unit,0.8666666666666666,0.2,0.1989727658591587,0.2650089918043775,1.3,0.3381186723709106,18.538961596786976,0.2670259816305978,7.983076923076923
F3876,saline,110,0,Putative Excitatory Unit,0.8666666666666666,0.2,0.1989727658591587,0.2650089918043775,1.3,0.3381186723709106,18.538961596786976,0.2670259816305978,2.6215384615384614
F3876,saline,114,0,Putative Excitatory Unit,0.8666666666666666,0.2,0.1688839697141322,0.2630618267805928,1.3,0.2832067012786865,18.871283025480807,0.2947830420274001,6.487692307692308
F3876,saline,120,0,Putative Excitatory Unit,0.8666666666666666,0.2,0.1688839697141322,0.2630618267805928,1.3,0.2832067012786865,18.871283025480807,0.2947830420274001,9.330769230769231
F3876,saline,131,0,Putative Excitatory Unit,0.6333333333333333,0.2333333333333333,0.2000744330870281,0.3151143035589754,1.1666666666666667,0.3259968161582947,16.5735917519778,0.3208872318267822,0.3876923076923076
F3876,saline,135,0,Putative Excitatory Unit,0.6333333333333333,0.2333333333333333,0.2000744330870281,0.3151143035589754,1.1666666666666667,0.3259968161582947,16.5735917519778,0.3208872318267822,0.2815384615384615
F3876,saline,158,0,Putative Excitatory Unit,0.8333333333333334,0.2,0.1669213423857973,0.2680223551924187,1.1333333333333333,0.3917109966278076,15.486399756744504,0.2270735161645072,4.715384615384616
F3876,saline,170,0,Putative Excitatory Unit,0.7333333333333334,0.2,0.1976404305838293,0.2870289205700644,1.1333333333333333,0.2544362545013428,18.46934209764004,0.3230987588564555,17.998461538461537
F3876,saline,172,0,Putative Excitatory Unit,0.7333333333333334,0.2,0.1976404305838293,0.2870289205700644,1.1333333333333333,0.2544362545013428,18.46934209764004,0.3230987588564555,20.701538461538465
F3876,saline,180,0,Putative Excitatory Unit,0.7666666666666667,0.2333333333333333,0.1846367452351953,0.286576140673706,1.2333333333333332,0.337272584438324,17.382900651544333,0.2799933552742004,0.7615384615384615
F3876,saline,186,0,Putative Excitatory Unit,0.8333333333333334,0.2,0.0825415406183197,0.2435487526152322,1.2333333333333332,0.2186816930770874,17.14142352156341,0.2911768876589261,4.2846153846153845
F3876,saline,192,0,Putative Excitatory Unit,0.6333333333333333,0.2333333333333333,0.1935298947607783,0.3311366420361641,1.1666666666666667,0.2755581736564636,17.551049172878265,0.3237735033035278,0.4430769230769231
F3876,saline,196,0,Putative Excitatory Unit,0.7666666666666667,0.2,0.2023040985550674,0.2810888379854204,1.2,0.2308216094970703,20.87296009249985,0.3436997334162394,6.775384615384615
F3876,saline,200,0,Putative Excitatory Unit,0.8666666666666666,0.3,0.1380128076194811,0.3521466682077985,1.4666666666666668,0.2027680873870849,20.71244904026389,0.2490727305412292,1.2538461538461538
F3876,saline,206,0,Putative Excitatory Unit,0.7333333333333334,0.1333333333333333,0.2612610230442773,0.2251976714299841,1.1666666666666667,0.3938546180725097,19.35731710493565,0.38295312722524,3.0246153846153847
F3876,saline,212,0,Putative Excitatory Unit,0.7333333333333334,0.1333333333333333,0.2612610230442773,0.2251976714299841,1.1666666666666667,0.3938546180725097,19.35731710493565,0.38295312722524,14.476923076923075
F3876,saline,215,1,Putative Inhibitory Unit,0.6666666666666666,0.1,0.5843001667026952,0.2228266062357062,1.1,0.4088465571403503,38.07365474104881,1.0110922813415528,0.9507692307692308
F3876,saline,219,1,Putative Inhibitory Unit,0.8666666666666666,0.1666666666666666,0.2157623924240152,0.2612953422251162,1.1333333333333333,-0.54240882396698,43.698796197772026,0.6536433356148856,1.8753846153846156
F3876,saline,223,1,Putative Inhibitory Unit,0.8333333333333334,0.1333333333333333,0.0713945626732805,0.1887130308085169,1.1,-0.7587445974349976,40.24004342406988,0.8271337655874399,1.5215384615384615
F3876,saline,232,1,Putative Inhibitory Unit,0.3,0.0666666666666666,0.94566977244392,0.2951659520528338,0.6333333333333333,0.9574673175811768,16.874468199908733,1.290102243423462,2.0
F3876,saline,234,0,Putative Excitatory Unit,0.8333333333333334,0.1333333333333333,-0.2528870783513627,0.1645556539309202,0.9666666666666668,-0.6935344934463501,20.18089072406292,0.4383565698351179,1.0892307692307692
F3876,saline,236,0,Putative Excitatory Unit,0.8333333333333334,0.1666666666666666,0.1768120514077067,0.2038560479120578,1.2333333333333332,-0.167732834815979,33.36942991614342,0.6299189054048978,3.4692307692307693
F3876,saline,240,1,Putative Inhibitory Unit,0.6666666666666666,0.1,0.7152541086426782,0.2382577850706598,0.8666666666666666,0.5078345239162445,48.358926225453615,1.244328498840332,10.05076923076923
F3876,saline,244,1,Putative Inhibitory Unit,0.7333333333333334,0.1666666666666666,0.1696545619797436,0.2299175783029116,1.0666666666666669,-0.3708242177963257,33.60516456514597,0.7635117444125089,2.832307692307692
F3876,saline,246,1,Putative Inhibitory Unit,0.7666666666666667,0.1333333333333333,0.2704311340106037,0.2281267982070482,1.0333333333333334,-1.1182327270507812,66.14638197422028,1.347413698832194,0.3830769230769231
F3876,saline,250,1,Putative Inhibitory Unit,0.8,0.2,0.2938201720366726,0.2913529797603792,1.2,-0.3699166774749756,44.034970581531525,0.6626587647658128,0.6353846153846154
F3876,saline,252,1,Putative Inhibitory Unit,0.6666666666666666,0.1,0.0656865127928403,0.1686419911866098,0.8,-1.5786139965057373,54.10837146639824,1.585494648326527,0.3938461538461538
F3876,saline,254,1,Putative Inhibitory Unit,0.8,0.2,0.2217373674884774,0.2440924472604219,1.1,-0.6064541339874268,46.03046128153801,0.7947349548339844,1.1876923076923076
F3876,saline,256,1,Putative Inhibitory Unit,0.8,0.1666666666666666,0.2112795450298696,0.2310024665466252,1.1333333333333333,-0.7047722339630127,49.04731968045235,0.9444735050201416,0.5430769230769231
F3878,saline,88,1,Putative Inhibitory Unit,0.3666666666666667,0.1,0.6660811753282758,0.2266505649380787,0.5,0.7575925886631012,16.75635408051312,0.8893917401631674,16.083076923076923
F3878,saline,112,1,Putative Inhibitory Unit,0.3,0.1,-0.4944766187973922,0.1559314763863463,0.4333333333333333,-1.5352869033813477,9.386329071596265,1.0999563217163086,1.1584615384615384
F3878,saline,122,1,Putative Inhibitory Unit,0.3333333333333333,0.1333333333333333,0.5707551246611903,0.2314789081513084,0.9333333333333332,0.6466189324855804,20.30133388552349,1.1172882080078126,5.7215384615384615
F3878,saline,128,1,Putative Inhibitory Unit,0.3,0.1,0.0764813557560881,0.2458854961275972,0.4333333333333333,-0.2841310501098633,16.70550276618451,1.2174952507019043,28.427692307692308
F3878,saline,134,1,Putative Inhibitory Unit,0.3,0.1666666666666666,0.530092626727102,0.3221969580209306,0.8666666666666666,0.2193492650985717,31.89402089267969,1.5778684616088867,6.556923076923077
F3878,saline,142,0,Putative Excitatory Unit,0.7,0.2666666666666666,0.2064604777632981,0.317815322419917,1.2,-0.5414146184921265,41.68612143397331,0.6144802570343018,1.9292307692307693
F3878,saline,144,1,Putative Inhibitory Unit,0.8,0.2333333333333333,0.1315172726575195,0.2725995660769108,1.0333333333333334,-1.180498123168945,49.28662231564522,0.7443934168134417,1.1092307692307692
F3878,saline,146,1,Putative Inhibitory Unit,0.6666666666666666,0.2,0.2014166064815857,0.2578925363004087,1.1333333333333333,-1.1436848640441897,57.0843081176281,1.1368491432883523,0.5153846153846153
F3878,saline,148,1,Putative Inhibitory Unit,0.9666666666666668,0.1666666666666666,0.0158880489958645,0.2096009404946423,1.2666666666666666,-1.797224044799805,55.328248500823975,0.9184258778889974,0.3707692307692308
F3878,saline,156,1,Putative Inhibitory Unit,0.6666666666666666,0.2,0.3373276396993632,0.2848236619588321,1.1333333333333333,-1.2634227275848389,76.16920261085033,1.4579273570667617,0.1876923076923076
F3878,saline,162,1,Putative Inhibitory Unit,0.3666666666666667,0.1,0.6660811753282758,0.2266505649380787,0.5,0.7575925886631012,16.75635408051312,0.8893917401631674,1.5307692307692309
F3878,saline,172,0,Putative Excitatory Unit,0.6666666666666666,0.2333333333333333,0.3563290434765497,0.3473349520561104,1.2333333333333332,0.5047750174999237,17.12326619029045,0.2731256701729514,11.092307692307692
F3878,saline,200,0,Putative Excitatory Unit,1.0666666666666669,0.3666666666666667,0.3974875913213083,0.5934151832814359,1.7333333333333332,0.3885970115661621,23.523721009492878,0.1493588238954544,1.073846153846154
F3878,saline,204,0,Putative Excitatory Unit,1.0666666666666669,0.3666666666666667,0.3974875913213083,0.5934151832814359,1.7333333333333332,0.3885970115661621,23.523721009492878,0.1493588238954544,1.1646153846153846
F3878,saline,212,1,Putative Inhibitory Unit,0.3,0.1333333333333333,0.4951124477321868,0.2904847475369833,0.8666666666666666,0.5470039248466492,17.405364530161023,0.9235922813415528,5.993846153846154
F3878,saline,218,0,Putative Excitatory Unit,0.8666666666666666,0.2666666666666666,-0.0351610758971118,0.2460990012707659,1.2,0.0552133321762084,17.290714487433434,0.238550059000651,6.812307692307693
F3878,saline,228,0,Putative Excitatory Unit,0.6666666666666666,0.2,0.1260505764851663,0.3027597625756575,0.8333333333333334,0.0422788858413696,17.435613606125116,0.3396497170130412,12.824615384615385
F3878,saline,238,0,Putative Excitatory Unit,0.7,0.2333333333333333,0.2969967450282602,0.3288016203295458,1.2,0.359372615814209,20.818514496088028,0.2765093033130352,37.52
F3878,saline,242,0,Putative Excitatory Unit,0.7,0.2333333333333333,0.2969967450282602,0.3288016203295458,1.2,0.359372615814209,20.818514496088028,0.2765093033130352,15.027692307692307
F3878,saline,248,0,Putative Excitatory Unit,0.6,0.3666666666666667,0.0995167675899784,0.59970726472915,1.0666666666666669,-0.0694446563720703,12.75577048957348,0.2177435159683227,1.736923076923077
F3878,saline,262,1,Putative Inhibitory Unit,0.7666666666666667,0.1666666666666666,0.0443131414708138,0.2453562387584869,0.9666666666666668,-0.9080491065979004,34.33543270081282,0.6536785272451547,6.213846153846154
F3878,saline,266,1,Putative Inhibitory Unit,0.6666666666666666,0.2,0.2485782666440162,0.301770284912897,0.8333333333333334,-0.4450613260269165,37.512988954782486,0.6630718310674032,15.149230769230767
F3878,saline,272,0,Putative Excitatory Unit,0.7,0.2333333333333333,0.2601964797053957,0.3068525685004331,1.0666666666666669,-0.2279807329177856,33.93796579167247,0.5680707295735677,17.643076923076922
F3878,saline,278,0,Putative Excitatory Unit,0.6666666666666666,0.2,0.2677129946847838,0.3013297128855945,1.1666666666666667,0.1541270613670349,24.41443784162402,0.4417841217734597,40.87384615384615
F3878,saline,282,0,Putative Excitatory Unit,0.6666666666666666,0.2,0.2677129946847838,0.3013297128855945,1.1666666666666667,0.1541270613670349,24.41443784162402,0.4417841217734597,18.67692307692308
F3878,saline,292,0,Putative Excitatory Unit,0.6666666666666666,0.2333333333333333,0.3098449942589019,0.2980700077922917,1.0666666666666669,0.1842533946037292,25.61854716949165,0.4328416188557942,25.301538461538463
F3878,saline,298,0,Putative Excitatory Unit,0.6666666666666666,0.2333333333333333,0.3098449942589019,0.2980700077922917,1.0666666666666669,0.1842533946037292,25.61854716949165,0.4328416188557942,21.36
F3878,saline,302,0,Putative Excitatory Unit,0.7666666666666667,0.2666666666666666,0.0402228645694834,0.2803162516949943,1.0666666666666669,-0.2423810958862304,24.20546766370535,0.3431109019688197,9.433846153846154
F3878,saline,308,0,Putative Excitatory Unit,0.7666666666666667,0.2666666666666666,0.0402228645694834,0.2803162516949943,1.0666666666666669,-0.2423810958862304,24.20546766370535,0.3431109019688197,15.98
F3878,saline,314,0,Putative Excitatory Unit,0.7666666666666667,0.2666666666666666,0.0402228645694834,0.2803162516949943,1.0666666666666669,-0.2423810958862304,24.20546766370535,0.3431109019688197,3.563076923076923
F3878,saline,322,0,Putative Excitatory Unit,0.7,0.2666666666666666,0.2592084628535872,0.336805952930474,1.2,0.1595670580863952,25.275167144834995,0.3534627755482991,21.984615384615385
F3878,saline,328,0,Putative Excitatory Unit,0.7,0.2666666666666666,0.2592084628535872,0.336805952930474,1.2,0.1595670580863952,25.275167144834995,0.3534627755482991,15.06
F3878,saline,332,0,Putative Excitatory Unit,0.7666666666666667,0.3,0.0773093427042818,0.3143831022724825,1.1,0.132498562335968,17.830323927104473,0.2301268407276698,0.7523076923076923
F3878,saline,340,0,Putative Excitatory Unit,0.7666666666666667,0.2666666666666666,0.2753356449315118,0.3288106637701625,1.1333333333333333,0.2357320189476013,24.325782246887684,0.2921859536852155,15.576923076923077
F3878,saline,344,0,Putative Excitatory Unit,0.7666666666666667,0.2666666666666666,0.2753356449315118,0.3288106637701625,1.1333333333333333,0.2357320189476013,24.325782246887684,0.2921859536852155,18.266153846153845
F3878,saline,350,0,Putative Excitatory Unit,0.7666666666666667,0.3,0.3090966649259922,0.349081317799598,1.2333333333333332,0.4398550987243652,19.25438818335533,0.217170170375279,1.4753846153846153
F3878,saline,360,0,Putative Excitatory Unit,0.6666666666666666,0.2666666666666666,0.1683285045762176,0.3033232484378986,1.1333333333333333,0.0896466374397277,22.27785662561655,0.3513469696044922,7.941538461538461
F3878,saline,364,0,Putative Excitatory Unit,0.6666666666666666,0.2666666666666666,0.1683285045762176,0.3033232484378986,1.1333333333333333,0.0896466374397277,22.27785662561655,0.3513469696044922,7.529230769230769
F3878,saline,374,0,Putative Excitatory Unit,0.7333333333333334,0.2333333333333333,0.1992532524560239,0.2713398877917634,1.2,0.2061397433280944,22.422461792826653,0.3370565634507399,16.104615384615386
F3878,saline,382,0,Putative Excitatory Unit,0.7333333333333334,0.2333333333333333,0.1992532524560239,0.2713398877917634,1.2,0.2061397433280944,22.422461792826653,0.3370565634507399,4.486153846153846
F3878,saline,388,0,Putative Excitatory Unit,0.7333333333333334,0.2333333333333333,0.1992532524560239,0.2713398877917634,1.2,0.2061397433280944,22.422461792826653,0.3370565634507399,13.430769230769233
F3878,saline,392,0,Putative Excitatory Unit,0.7333333333333334,0.2333333333333333,0.1992532524560239,0.2713398877917634,1.2,0.2061397433280944,22.422461792826653,0.3370565634507399,3.7215384615384615
F3878,saline,396,0,Putative Excitatory Unit,0.7,0.2333333333333333,0.2379865268102829,0.2957771560500767,1.1,0.2178192734718322,21.460229087620974,0.3580259482065837,10.655384615384616
F3878,saline,404,0,Putative Excitatory Unit,0.7,0.2333333333333333,0.2379865268102829,0.2957771560500767,1.1,0.2178192734718322,21.460229087620974,0.3580259482065837,1.8353846153846156
F3878,saline,414,0,Putative Excitatory Unit,0.7333333333333334,0.2333333333333333,0.1860890395201893,0.2721256257660641,1.2,0.2114234566688537,21.993162337690592,0.3248414626488319,18.22923076923077
F3878,saline,424,0,Putative Excitatory Unit,0.7333333333333334,0.2333333333333333,0.1860890395201893,0.2721256257660641,1.2,0.2114234566688537,21.993162337690592,0.3248414626488319,1.563076923076923
F3878,saline,426,0,Putative Excitatory Unit,0.7333333333333334,0.2333333333333333,0.1860890395201893,0.2721256257660641,1.2,0.2114234566688537,21.993162337690592,0.3248414626488319,2.0015384615384617
F3878,saline,432,0,Putative Excitatory Unit,0.9333333333333332,0.2333333333333333,0.00955592670331,0.228026235299365,1.2,0.07682865858078,18.493141531944275,0.2751101811726888,10.947692307692307
F3878,saline,438,0,Putative Excitatory Unit,0.9333333333333332,0.2333333333333333,0.00955592670331,0.228026235299365,1.2,0.07682865858078,18.493141531944275,0.2751101811726888,3.7815384615384615
F3878,saline,444,0,Putative Excitatory Unit,0.7333333333333334,0.2333333333333333,0.066771077816298,0.2564177771831267,1.0333333333333334,0.0454585552215576,19.465732350945476,0.3039496626172747,7.746153846153846
F3878,saline,450,0,Putative Excitatory Unit,0.7333333333333334,0.2333333333333333,0.066771077816298,0.2564177771831267,1.0333333333333334,0.0454585552215576,19.465732350945476,0.3039496626172747,1.676923076923077
F3878,saline,454,0,Putative Excitatory Unit,0.7333333333333334,0.2333333333333333,0.066771077816298,0.2564177771831267,1.0333333333333334,0.0454585552215576,19.465732350945476,0.3039496626172747,0.2076923076923077
F3878,saline,460,0,Putative Excitatory Unit,0.7333333333333334,0.3,0.2449073250823724,0.3208345556944688,1.2,0.4559583663940429,16.51468800008297,0.1996915681021554,1.393846153846154
F3878,saline,466,0,Putative Excitatory Unit,0.7,0.2666666666666666,0.1325207970368153,0.3060805744765486,1.2,0.1138776540756225,21.97371831536293,0.2907379223750188,8.08
F3878,saline,470,0,Putative Excitatory Unit,0.7,0.2666666666666666,0.1325207970368153,0.3060805744765486,1.2,0.1138776540756225,21.97371831536293,0.2907379223750188,14.827692307692308
F3879,5-Meo,113,1,Putative Inhibitory Unit,0.2666666666666666,0.1,0.8297381854685607,0.2944771323277013,0.7333333333333334,0.826309859752655,22.21212735772133,1.267725658416748,56.72461538461538
F3879,5-Meo,123,1,Putative Inhibitory Unit,0.2666666666666666,0.0666666666666666,0.699140008727791,0.3294996407397983,0.4333333333333333,0.4408239722251892,31.99555640295148,2.3960635662078857,6.183076923076923
F3879,5-Meo,127,1,Putative Inhibitory Unit,0.6333333333333333,0.2666666666666666,0.2415316078225069,0.3423590744191365,1.1666666666666667,-0.8053296804428101,48.89456111192703,0.7846975326538086,6.635384615384615
F3879,5-Meo,131,0,Putative Excitatory Unit,1.1,0.1666666666666666,-0.1278713153484063,0.1752465348928204,1.5333333333333334,-1.526600360870361,37.2796782553196,0.7963062013898577,0.4861538461538461
F3879,5-Meo,133,1,Putative Inhibitory Unit,0.6666666666666666,0.1333333333333333,0.1212441757326553,0.2388881242655393,0.8666666666666666,-1.272881031036377,48.34487836062908,1.103624777360396,2.4153846153846152
F3879,5-Meo,135,1,Putative Inhibitory Unit,0.7,0.2333333333333333,0.279166226231044,0.2866506694176571,1.0,-0.6811330318450928,51.49005979299545,0.8672808011372884,10.818461538461538
F3879,5-Meo,141,1,Putative Inhibitory Unit,0.8666666666666666,0.2,-0.0268988027175897,0.2128856842406016,1.1333333333333333,-1.4925436973571775,47.107233226299286,0.7924988610403878,3.763076923076923
F3879,5-Meo,143,1,Putative Inhibitory Unit,0.6666666666666666,0.1666666666666666,0.2256144411575951,0.2378636160905218,0.9666666666666668,-0.8465197086334229,54.01668204367161,1.116940064863725,0.5615384615384615
F3879,5-Meo,149,1,Putative Inhibitory Unit,0.6666666666666666,0.3333333333333333,0.1183705173959854,0.3468852662760303,1.3,-2.294363498687744,82.50190003216267,1.095197851007635,15.383076923076922
F3879,5-Meo,155,1,Putative Inhibitory Unit,0.6666666666666666,0.3333333333333333,0.1183705173959854,0.3468852662760303,1.3,-2.294363498687744,82.50190003216267,1.095197851007635,5.673846153846154
F3879,5-Meo,159,1,Putative Inhibitory Unit,0.8,0.2333333333333333,0.0133152654121432,0.2592986389881851,1.0666666666666669,-2.68274474143982,72.53169736266136,1.0418603760855538,0.2676923076923077
F3879,5-Meo,163,1,Putative Inhibitory Unit,0.8,0.2333333333333333,0.0133152654121432,0.2592986389881851,1.0666666666666669,-2.68274474143982,72.53169736266136,1.0418603760855538,0.3323076923076923
F3879,5-Meo,167,1,Putative Inhibitory Unit,0.6333333333333333,0.1666666666666666,-0.1508880846673399,0.2707913018735728,0.7666666666666667,-5.800314426422119,75.97771644592285,1.6843542619185017,3.569230769230769
F3879,5-Meo,189,0,Putative Excitatory Unit,0.6666666666666666,0.2,0.2829881128310038,0.2540612550395772,1.1333333333333333,0.4758066534996032,16.32363481633365,0.3356268189170144,38.69692307692308
F3879,5-Meo,205,0,Putative Excitatory Unit,0.6666666666666666,0.2,0.2829881128310038,0.2540612550395772,1.1333333333333333,0.4758066534996032,16.32363481633365,0.3356268189170144,6.715384615384616
F3879,5-Meo,223,0,Putative Excitatory Unit,0.6666666666666666,0.2333333333333333,0.3126348060046361,0.2910602808622077,1.2,0.4555094242095947,18.90475994348526,0.3247664191506125,9.03076923076923
F3879,5-Meo,229,0,Putative Excitatory Unit,0.6666666666666666,0.2333333333333333,0.3126348060046361,0.2910602808622077,1.2,0.4555094242095947,18.90475994348526,0.3247664191506125,41.58
F3879,5-Meo,235,1,Putative Inhibitory Unit,0.2666666666666666,0.1,-0.1037324831989356,0.2431706016329019,0.4,-0.5834811925888062,12.955895291641356,1.0575615882873537,1.06
F3879,5-Meo,253,0,Putative Excitatory Unit,0.6333333333333333,0.2,0.4119825494356021,0.3295036859144056,1.1666666666666667,0.47940194606781,20.208556033670902,0.3448964249004017,18.95846153846154
F3879,5-Meo,259,0,Putative Excitatory Unit,0.6333333333333333,0.2,0.4119825494356021,0.3295036859144056,1.1666666666666667,0.47940194606781,20.208556033670902,0.3448964249004017,13.113846153846154
F3879,5-Meo,267,0,Putative Excitatory Unit,0.6666666666666666,0.2,0.2856874271110446,0.2569637824767036,1.1333333333333333,0.4220801591873169,18.83257518522441,0.3680019378662109,17.786153846153844
F3879,5-Meo,277,0,Putative Excitatory Unit,0.8333333333333334,0.2333333333333333,-0.061890766078042,0.2218305829809489,1.0,0.0175042152404785,17.77321458980441,0.2794826201030186,4.453846153846154
F3879,5-Meo,289,0,Putative Excitatory Unit,0.8333333333333334,0.2333333333333333,-0.061890766078042,0.2218305829809489,1.0,0.0175042152404785,17.77321458980441,0.2794826201030186,0.6676923076923077
F3879,5-Meo,299,0,Putative Excitatory Unit,0.8,0.3,0.1418228391585592,0.2924826860426759,1.3,0.2252825498580932,20.394797667860985,0.2710950558002178,7.501538461538462
F3879,5-Meo,301,0,Putative Excitatory Unit,0.8,0.3,0.1418228391585592,0.2924826860426759,1.3,0.2252825498580932,20.394797667860985,0.2710950558002178,12.74
F3879,5-Meo,307,0,Putative Excitatory Unit,0.8,0.3,0.1418228391585592,0.2924826860426759,1.3,0.2252825498580932,20.394797667860985,0.2710950558002178,57.75538461538461
F3879,5-Meo,319,0,Putative Excitatory Unit,0.7333333333333334,0.2333333333333333,0.3121964716168646,0.294927140318747,1.2666666666666666,0.3890892267227173,21.640534922480583,0.3293186028798421,15.886153846153846
F3879,5-Meo,327,0,Putative Excitatory Unit,0.7333333333333334,0.2333333333333333,0.3121964716168646,0.294927140318747,1.2666666666666666,0.3890892267227173,21.640534922480583,0.3293186028798421,27.203076923076924
F3879,5-Meo,333,0,Putative Excitatory Unit,0.6333333333333333,0.2,0.4313792595642998,0.2930246520377051,1.1,0.4913724660873413,20.521364383399487,0.3972236026417125,3.0738461538461537
F3879,5-Meo,341,0,Putative Excitatory Unit,0.6333333333333333,0.2,0.4313792595642998,0.2930246520377051,1.1,0.4913724660873413,20.521364383399487,0.3972236026417125,15.90153846153846
F3879,5-Meo,351,0,Putative Excitatory Unit,0.6333333333333333,0.2,0.4313792595642998,0.2930246520377051,1.1,0.4913724660873413,20.521364383399487,0.3972236026417125,47.76
F3879,5-Meo,365,0,Putative Excitatory Unit,0.6666666666666666,0.2,0.19968260763953,0.2250830229004944,1.0666666666666669,0.3252334594726562,19.063166921958327,0.4085283712907271,7.003076923076923
F3879,5-Meo,369,0,Putative Excitatory Unit,0.6666666666666666,0.2,0.19968260763953,0.2250830229004944,1.0666666666666669,0.3252334594726562,19.063166921958327,0.4085283712907271,39.95384615384615
F3879,5-Meo,373,0,Putative Excitatory Unit,0.6666666666666666,0.2,0.19968260763953,0.2250830229004944,1.0666666666666669,0.3252334594726562,19.063166921958327,0.4085283712907271,11.956923076923076
F3879,5-Meo,377,0,Putative Excitatory Unit,0.5,0.1666666666666666,0.1719319661756577,0.3048320832589661,0.9666666666666668,0.3333498239517212,14.308442190289496,0.3438992235395643,1.4815384615384617
F3879,5-Meo,383,0,Putative Excitatory Unit,0.6666666666666666,0.3,0.2030557070460038,0.3318348734102359,1.3333333333333333,0.2272014021873474,24.025604858994484,0.3515621185302734,5.376923076923077
F3879,5-Meo,391,0,Putative Excitatory Unit,0.7,0.2333333333333333,0.3340486744832115,0.3327661446928373,0.9666666666666668,0.4662667512893677,18.109509278088808,0.267752210299174,2.4846153846153847
F3879,5-Meo,397,0,Putative Excitatory Unit,0.9333333333333332,0.2333333333333333,-0.0945791017839746,0.230263560343671,1.2333333333333332,-0.0892844200134277,17.79326803982258,0.2608724276224772,7.116923076923077
F3879,5-Meo,401,0,Putative Excitatory Unit,0.9333333333333332,0.2333333333333333,-0.0945791017839746,0.230263560343671,1.2333333333333332,-0.0892844200134277,17.79326803982258,0.2608724276224772,9.895384615384616
F3879,5-Meo,405,0,Putative Excitatory Unit,0.6333333333333333,0.2,0.4488118658058392,0.3314337481034844,1.1,0.5650171041488647,17.644754447042942,0.3136136098341508,3.684615384615384
F3879,5-Meo,421,0,Putative Excitatory Unit,0.7,0.2,0.183102871334189,0.2157614699811313,1.2,0.2987958192825317,21.153064101934437,0.4706799983978271,2.587692307692308
F3879,5-Meo,425,0,Putative Excitatory Unit,0.7,0.2,0.183102871334189,0.2157614699811313,1.2,0.2987958192825317,21.153064101934437,0.4706799983978271,2.8584615384615386
F3879,5-Meo,431,0,Putative Excitatory Unit,0.6666666666666666,0.2,0.2615704194378525,0.2784085890567308,0.9666666666666668,0.2328537702560424,21.83258554711938,0.4279620430686257,30.13230769230769
F3879,5-Meo,437,0,Putative Excitatory Unit,0.6666666666666666,0.2,0.2615704194378525,0.2784085890567308,0.9666666666666668,0.2328537702560424,21.83258554711938,0.4279620430686257,28.126153846153848
F3879,5-Meo,449,1,Putative Inhibitory Unit,0.6,0.1666666666666666,0.4356720154012495,0.2422751446400531,1.0666666666666669,0.2272166609764099,32.06095565855503,1.0143376588821411,2.4353846153846157
F3879,5-Meo,453,0,Putative Excitatory Unit,0.9666666666666668,0.2,-0.2009918339839126,0.2085402048852672,1.2666666666666666,-0.505002498626709,19.013498038053516,0.3200864791870117,5.318461538461539
F3879,5-Meo,457,0,Putative Excitatory Unit,0.9666666666666668,0.2,-0.2009918339839126,0.2085402048852672,1.2666666666666666,-0.505002498626709,19.013498038053516,0.3200864791870117,1.2184615384615385
F3879,5-Meo,473,0,Putative Excitatory Unit,0.7,0.2666666666666666,0.0981564763148205,0.2890715062143986,1.1,-0.613837480545044,35.4037040323019,0.5665083328882853,11.924615384615384
F3879,5-Meo,495,1,Putative Inhibitory Unit,0.6333333333333333,0.2,0.5043764691522435,0.3300266091609854,0.9333333333333332,0.0861116647720336,43.34695057570934,0.7641103917902167,12.516923076923076
F3879,5-Meo,499,1,Putative Inhibitory Unit,0.6333333333333333,0.2,0.5043764691522435,0.3300266091609854,0.9333333333333332,0.0861116647720336,43.34695057570934,0.7641103917902167,7.378461538461538
F3879,5-Meo,507,1,Putative Inhibitory Unit,0.6666666666666666,0.2,-0.3318563166284834,0.2069340183069341,0.8333333333333334,-2.3775880336761475,27.66763051599264,0.6298598509568435,4.112307692307692
F3879,5-Meo,513,1,Putative Inhibitory Unit,0.6666666666666666,0.2,0.3688492800479703,0.3135655813581907,0.9666666666666668,-0.2668066024780273,44.38102458417416,0.7965477163141425,15.766153846153848
F3879,5-Meo,525,1,Putative Inhibitory Unit,0.6666666666666666,0.1666666666666666,0.0669385925848184,0.2645903806566437,0.8333333333333334,-1.0391101837158203,37.27260895073414,0.7343694368998209,8.427692307692308
F3879,5-Meo,531,1,Putative Inhibitory Unit,0.6666666666666666,0.1666666666666666,0.0669385925848184,0.2645903806566437,0.8333333333333334,-1.0391101837158203,37.27260895073414,0.7343694368998209,1.9353846153846157
F3879,5-Meo,545,1,Putative Inhibitory Unit,0.6666666666666666,0.1666666666666666,0.1085093182463625,0.2575076507231559,0.9,-1.2984018325805664,47.88524245843291,1.109834861755371,7.949230769230769
F3879,5-Meo,549,1,Putative Inhibitory Unit,0.6666666666666666,0.1666666666666666,0.1085093182463625,0.2575076507231559,0.9,-1.2984018325805664,47.88524245843291,1.109834861755371,7.295384615384616
F3879,5-Meo,557,1,Putative Inhibitory Unit,0.7333333333333334,0.2666666666666666,-0.2651005814644799,0.2465074262325705,0.9666666666666668,-2.6287028789520264,34.681059047579765,0.6107960428510394,13.773846153846154
F3879,5-Meo,563,1,Putative Inhibitory Unit,0.6,0.1666666666666666,0.5855842316625994,0.3224018784309527,1.0666666666666669,-0.0598013401031494,64.14310202375054,1.3974537319607203,1.3015384615384615
F3879,5-Meo,567,1,Putative Inhibitory Unit,0.6333333333333333,0.2666666666666666,0.365791158744097,0.3706423024072074,1.0333333333333334,-2.0229732990264893,96.59786027669908,1.596756328235973,3.167692307692308
F3879,5-Meo,575,1,Putative Inhibitory Unit,0.6666666666666666,0.2,0.1132605339354339,0.2815589088485205,0.9,-0.726900577545166,35.38048167154193,0.7000130740079012,7.618461538461538
F3879,5-Meo,579,1,Putative Inhibitory Unit,0.6666666666666666,0.2666666666666666,0.2942796972939258,0.3186629559168734,1.0,-1.1451287269592283,66.6106550693512,1.028812090555827,5.024615384615385
F3879,5-Meo,587,1,Putative Inhibitory Unit,0.6666666666666666,0.2666666666666666,0.2942796972939258,0.3186629559168734,1.0,-1.1451287269592283,66.6106550693512,1.028812090555827,4.863076923076923
F3879,5-Meo,591,1,Putative Inhibitory Unit,0.6666666666666666,0.2666666666666666,0.2942796972939258,0.3186629559168734,1.0,-1.1451287269592283,66.6106550693512,1.028812090555827,3.295384615384616
F3879,5-Meo,593,0,Putative Excitatory Unit,0.7,0.2333333333333333,0.2323045610935028,0.2765193284787816,1.2,0.4166263341903686,17.67756061628461,0.3078631704503839,54.02923076923077
F3879,5-Meo,603,0,Putative Excitatory Unit,0.7,0.2,0.183102871334189,0.2157614699811313,1.2,0.2987958192825317,21.153064101934437,0.4706799983978271,9.633846153846154
F3879,5-Meo,607,0,Putative Excitatory Unit,0.7,0.2,0.183102871334189,0.2157614699811313,1.2,0.2987958192825317,21.153064101934437,0.4706799983978271,1.9630769230769232
F3879,5-Meo,609,0,Putative Excitatory Unit,0.7,0.2,0.183102871334189,0.2157614699811313,1.2,0.2987958192825317,21.153064101934437,0.4706799983978271,3.1553846153846155
F3879,5-Meo,615,0,Putative Excitatory Unit,0.7,0.2,0.183102871334189,0.2157614699811313,1.2,0.2987958192825317,21.153064101934437,0.4706799983978271,3.107692307692308
F3879,5-Meo,619,0,Putative Excitatory Unit,0.9666666666666668,0.2,-0.2009918339839126,0.2085402048852672,1.2666666666666666,-0.505002498626709,19.013498038053516,0.3200864791870117,0.3753846153846153
F3879,5-Meo,623,1,Putative Inhibitory Unit,0.6,0.1666666666666666,0.4356720154012495,0.2422751446400531,1.0666666666666669,0.2272166609764099,32.06095565855503,1.0143376588821411,3.1123076923076924
F3879,5-Meo,627,0,Putative Excitatory Unit,0.9333333333333332,0.3,-0.171607601853477,0.237928588811544,1.2666666666666666,-0.3608818054199219,19.202161759138107,0.2696102778116861,3.281538461538461
F3879,5-Meo,631,0,Putative Excitatory Unit,0.9333333333333332,0.3,-0.171607601853477,0.237928588811544,1.2666666666666666,-0.3608818054199219,19.202161759138107,0.2696102778116861,4.155384615384615
F3879,5-Meo,633,0,Putative Excitatory Unit,0.9333333333333332,0.3,-0.171607601853477,0.237928588811544,1.2666666666666666,-0.3608818054199219,19.202161759138107,0.2696102778116861,5.130769230769231
F3879,5-Meo,639,0,Putative Excitatory Unit,0.7,0.2666666666666666,0.0981564763148205,0.2890715062143986,1.1,-0.613837480545044,35.4037040323019,0.5665083328882853,1.6784615384615384
F3880,5-Meo,43,0,Putative Excitatory Unit,0.8666666666666666,0.2,0.0886200430412935,0.2391931513966731,1.3666666666666667,0.2215105891227722,16.592415258288383,0.2776852335248674,6.053846153846154
F3880,5-Meo,47,0,Putative Excitatory Unit,0.8666666666666666,0.2,-0.0588692613600153,0.2078494812355266,1.4,0.0992980003356933,15.345623368397357,0.2962759824899527,0.6446153846153846
F3880,5-Meo,55,0,Putative Excitatory Unit,0.7333333333333334,0.2,0.2105391894996915,0.2514313514917311,1.1,0.3653479814529419,17.132686711847782,0.2977290153503418,5.75076923076923
F3880,5-Meo,59,0,Putative Excitatory Unit,0.7333333333333334,0.2,0.2105391894996915,0.2514313514917311,1.1,0.3653479814529419,17.132686711847782,0.2977290153503418,1.5723076923076924
F3880,5-Meo,65,0,Putative Excitatory Unit,0.6333333333333333,0.1666666666666666,0.2945871140771701,0.2710833043215538,1.2,0.2651897668838501,21.77818749845028,0.4145520528157552,11.666153846153849
F3880,5-Meo,71,0,Putative Excitatory Unit,0.6333333333333333,0.1666666666666666,0.2945871140771701,0.2710833043215538,1.2,0.2651897668838501,21.77818749845028,0.4145520528157552,8.032307692307691
F3800,saline,73,0,Putative Excitatory Unit,0.6,0.3666666666666667,-0.5933895223805575,0.1723590715244144,1.0333333333333334,-1.019463062286377,8.348968602716923,0.2135651281901768,8.118461538461538
F3800,saline,79,0,Putative Excitatory Unit,0.7666666666666667,0.2,0.1943741511444306,0.2682728232153942,1.2333333333333332,0.0648411512374877,24.311954602599144,0.4306599299112956,8.415384615384616
F3800,saline,81,0,Putative Excitatory Unit,0.7666666666666667,0.2,0.1943741511444306,0.2682728232153942,1.2333333333333332,0.0648411512374877,24.311954602599144,0.4306599299112956,4.932307692307693
F3800,saline,96,0,Putative Excitatory Unit,0.9,0.2333333333333333,0.2021951620397452,0.2805662468380366,1.3,0.2360604405403137,20.816699508577585,0.273533566792806,9.346153846153848
F3800,saline,100,0,Putative Excitatory Unit,0.9,0.2333333333333333,0.2021951620397452,0.2805662468380366,1.3,0.2360604405403137,20.816699508577585,0.273533566792806,5.466153846153846
F3800,saline,108,0,Putative Excitatory Unit,1.1666666666666667,0.4333333333333333,-0.1884090233744792,0.3722265915172867,1.6333333333333335,-0.6202582120895386,18.342646926641464,0.1748635067659265,16.904615384615386
F3800,saline,116,0,Putative Excitatory Unit,0.8,0.2666666666666666,0.0058887551255908,0.2565147192176414,1.2666666666666666,0.0539800524711608,18.14099958539009,0.2665476969310215,6.313846153846153
F3800,saline,128,0,Putative Excitatory Unit,0.8,0.2,0.5450393341367415,0.4240214532805226,1.4666666666666668,0.6296181976795197,23.361748322844505,0.2966384887695312,1.1938461538461538
F3800,saline,136,0,Putative Excitatory Unit,0.7666666666666667,0.2,0.2938328137184096,0.2560970174230967,1.1666666666666667,0.2687641382217407,23.36902611702681,0.4359556833902995,1.756923076923077
F3800,saline,144,0,Putative Excitatory Unit,0.7666666666666667,0.2,0.2938328137184096,0.2560970174230967,1.1666666666666667,0.2687641382217407,23.36902611702681,0.4359556833902995,6.52
F3800,saline,150,0,Putative Excitatory Unit,0.7666666666666667,0.2,0.2938328137184096,0.2560970174230967,1.1666666666666667,0.2687641382217407,23.36902611702681,0.4359556833902995,1.48
F3800,saline,168,0,Putative Excitatory Unit,0.6333333333333333,0.2333333333333333,0.3013468814242996,0.3828299198634129,1.2666666666666666,0.3775358200073242,18.45458712801337,0.3028586387634277,0.5969230769230769
F3800,saline,172,1,Putative Inhibitory Unit,0.7666666666666667,0.2,0.232321339442526,0.2453885372644068,1.0333333333333334,-0.7834539413452148,50.46932221762836,0.9722341696421304,1.5292307692307692
F3800,saline,174,1,Putative Inhibitory Unit,0.7666666666666667,0.2,0.232321339442526,0.2453885372644068,1.0333333333333334,-0.7834539413452148,50.46932221762836,0.9722341696421304,0.3707692307692308
F3800,saline,176,0,Putative Excitatory Unit,0.7333333333333334,0.2,0.222524772787635,0.2365104073253082,1.2,0.3409851789474487,18.7833180911839,0.3983119617808949,17.876923076923077
F3800,saline,178,0,Putative Excitatory Unit,0.9666666666666668,0.4333333333333333,0.5005680241901953,0.7253512737789113,1.6333333333333335,0.4356417059898376,25.753801241517067,0.1230360206804777,1.7076923076923076
F3800,saline,182,0,Putative Excitatory Unit,0.8,0.2333333333333333,-0.0114559417374662,0.2539243821223167,1.1,-0.0523048639297485,17.358003687113523,0.2893065043858119,2.732307692307692
F3800,saline,188,1,Putative Inhibitory Unit,0.3,0.1333333333333333,1.002836461331537,0.582606671941141,0.9666666666666668,1.0025607757270336,27.28973686695099,0.7758981585502625,1.9584615384615385
F3800,saline,192,1,Putative Inhibitory Unit,0.7666666666666667,0.2,0.1893469895217336,0.2527660540079017,1.1,-2.3314051628112797,82.70546908676624,1.6113913853963215,0.64
F3800,saline,193,1,Putative Inhibitory Unit,0.7666666666666667,0.2,0.1893469895217336,0.2527660540079017,1.1,-2.3314051628112797,82.70546908676624,1.6113913853963215,0.3338461538461538
F3800,saline,200,0,Putative Excitatory Unit,0.8333333333333334,0.2,0.144153414256116,0.2435786524377349,1.3,0.3950288295745849,15.469336416572332,0.2554114965292123,0.7184615384615385
F3800,saline,204,0,Putative Excitatory Unit,0.8,0.2333333333333333,0.0550788680831432,0.2712022303335566,1.2,0.116844892501831,17.693908352404833,0.2597197975431169,1.1523076923076925
F3800,saline,212,0,Putative Excitatory Unit,0.8,0.2333333333333333,0.0550788680831432,0.2712022303335566,1.2,0.116844892501831,17.693908352404833,0.2597197975431169,1.873846153846154
F3800,saline,216,0,Putative Excitatory Unit,0.8,0.2333333333333333,0.0550788680831432,0.2712022303335566,1.2,0.116844892501831,17.693908352404833,0.2597197975431169,0.9215384615384616
F3800,saline,222,1,Putative Inhibitory Unit,0.7666666666666667,0.2,0.1646682459204907,0.2693999796829708,1.1333333333333333,-0.7214341163635254,40.08293542265892,0.6853189468383789,3.123076923076923
F3800,saline,230,1,Putative Inhibitory Unit,0.3666666666666667,0.1333333333333333,0.6968175836287632,0.4864476241147721,1.0333333333333334,0.6792973279953003,26.64761083945632,0.7379511833190918,1.176923076923077
F3800,saline,240,0,Putative Excitatory Unit,0.8666666666666666,0.2,0.2119039102259747,0.2576264183310625,1.2,0.1976287364959716,22.2576614189893,0.3420943873269217,1.7323076923076923
F3800,saline,242,0,Putative Excitatory Unit,0.8666666666666666,0.2,0.2119039102259747,0.2576264183310625,1.2,0.1976287364959716,22.2576614189893,0.3420943873269217,4.76
F3800,saline,248,0,Putative Excitatory Unit,0.8666666666666666,0.2,0.2119039102259747,0.2576264183310625,1.2,0.1976287364959716,22.2576614189893,0.3420943873269217,11.44923076923077
F3800,saline,262,0,Putative Excitatory Unit,0.4666666666666667,0.2333333333333333,0.2630675166009881,0.5411668061737576,1.0,0.0570399761199951,24.38949240744114,0.4266413620540074,0.9553846153846154
F3800,saline,272,0,Putative Excitatory Unit,0.7333333333333334,0.3,0.1448062824586759,0.3355640340488462,1.3333333333333333,0.24945068359375,19.53360401466489,0.2721940604123202,1.033846153846154
F3800,saline,278,0,Putative Excitatory Unit,0.7666666666666667,0.2333333333333333,0.1660528238537052,0.2872987041300184,1.2333333333333332,0.1470156908035278,21.57588217407465,0.3193329297579251,4.26
F3800,saline,280,0,Putative Excitatory Unit,0.7666666666666667,0.2333333333333333,0.1660528238537052,0.2872987041300184,1.2333333333333332,0.1470156908035278,21.57588217407465,0.3193329297579251,8.113846153846154
F3800,saline,284,0,Putative Excitatory Unit,0.6333333333333333,0.4,0.4210276630864359,0.6797952281264683,1.2666666666666666,0.3472031354904175,22.689215376973152,0.2142653682015159,0.8123076923076923
F3800,saline,296,0,Putative Excitatory Unit,0.8666666666666666,0.2333333333333333,-0.2984070497927464,0.2895752652449502,1.1333333333333333,-0.7031722068786621,13.34226544201374,0.1765626933839586,2.4384615384615387
F3800,saline,300,0,Putative Excitatory Unit,0.8666666666666666,0.2333333333333333,-0.2984070497927464,0.2895752652449502,1.1333333333333333,-0.7031722068786621,13.34226544201374,0.1765626933839586,2.864615384615385
F3800,saline,304,0,Putative Excitatory Unit,0.7,0.2,0.242142823619734,0.2250848942853963,1.2,0.3796769976615906,19.02193845063448,0.4106416702270508,15.176923076923076
F3800,saline,318,1,Putative Inhibitory Unit,0.3333333333333333,0.1333333333333333,0.5809570507839765,0.2614271159023211,0.9,0.6569276452064514,18.87613509967923,0.9902084350585938,22.044615384615383
F3800,saline,327,1,Putative Inhibitory Unit,0.5,0.2,0.0621863132213358,0.2370993182588512,1.0333333333333334,-0.2106928825378418,24.1436605155468,0.7229326367378235,11.173846153846156
F3800,saline,333,1,Putative Inhibitory Unit,0.5,0.2,0.0621863132213358,0.2370993182588512,1.0333333333333334,-0.2106928825378418,24.1436605155468,0.7229326367378235,4.123076923076923
F3800,saline,335,1,Putative Inhibitory Unit,0.7666666666666667,0.2,0.2433773880627676,0.2681382809243352,1.1666666666666667,-1.008711338043213,56.87338377535343,1.0258907477060957,7.550769230769231
F3800,saline,339,1,Putative Inhibitory Unit,0.7666666666666667,0.2,0.2433773880627676,0.2681382809243352,1.1666666666666667,-1.008711338043213,56.87338377535343,1.0258907477060957,1.4230769230769231
F3800,saline,343,1,Putative Inhibitory Unit,0.7666666666666667,0.1666666666666666,0.2414891957987036,0.238007452669694,0.9666666666666668,-2.8522839546203613,114.0264977812767,2.0378187619722805,0.5615384615384615
F3800,saline,353,1,Putative Inhibitory Unit,0.9333333333333332,0.1666666666666666,0.0940604646059514,0.2469042794088995,1.1,-0.9124696254730223,41.524771355092525,0.6236153284708659,0.7830769230769231
F3800,saline,355,0,Putative Excitatory Unit,0.9666666666666668,0.1666666666666666,-0.0757980059489353,0.230916741194848,1.2,-0.9701328277587892,29.621832579374317,0.4580957591533661,0.5061538461538462
F3800,saline,359,0,Putative Excitatory Unit,0.7666666666666667,0.2,0.0893495867374325,0.2666168647695661,1.4,-0.5200545787811279,42.70052491873503,0.620003960349343,1.967692307692308
F3800,saline,361,0,Putative Excitatory Unit,0.9,0.2333333333333333,0.2007560841593541,0.3245758520357836,1.2333333333333332,-1.0012054443359375,50.348551243543625,0.5789365172386169,5.696923076923077
F3800,saline,365,1,Putative Inhibitory Unit,0.9,0.1666666666666666,-0.3495936781662788,0.1797184142982607,1.0333333333333334,-2.7611122131347656,37.434413969516754,0.7758219792292669,0.8076923076923077
F3800,saline,367,1,Putative Inhibitory Unit,0.9,0.1666666666666666,-0.3495936781662788,0.1797184142982607,1.0333333333333334,-2.7611122131347656,37.434413969516754,0.7758219792292669,0.9846153846153848
F3800,saline,369,1,Putative Inhibitory Unit,0.7,0.2333333333333333,0.1874809186030231,0.3094706814354687,1.2,-0.9314708709716796,48.11210034787655,0.7601170539855957,0.1246153846153846
F3800,saline,371,1,Putative Inhibitory Unit,0.8333333333333334,0.2,-0.1893923581100368,0.2411178908230281,1.0,-2.415440559387207,41.13262843340635,0.6895643642970494,3.066153846153846
F3797,5-Meo,81,1,Putative Inhibitory Unit,0.7,0.2,0.1198334591863706,0.2407709844077447,0.8666666666666666,-0.5050419569015503,34.69943229854107,0.6117721337538499,5.764615384615385
F3797,5-Meo,85,1,Putative Inhibitory Unit,0.7,0.2,0.1198334591863706,0.2407709844077447,0.8666666666666666,-0.5050419569015503,34.69943229854107,0.6117721337538499,4.173846153846154
F3797,5-Meo,108,1,Putative Inhibitory Unit,0.3333333333333333,0.1333333333333333,0.8593493768718303,0.4409184473546293,0.5,0.8645644783973694,20.12226928025484,0.8121264457702637,2.813846153846154
F3797,5-Meo,118,0,Putative Excitatory Unit,0.8,0.2,0.2300356019814644,0.2465097851761809,1.3333333333333333,0.3932088613510132,19.07128920406103,0.3024884187258206,17.543076923076924
F3797,5-Meo,124,0,Putative Excitatory Unit,0.6666666666666666,0.2,0.3420596435002153,0.2721254803119979,1.1,0.3210119605064392,23.881221175193787,0.4241280158360799,21.2
F3797,5-Meo,126,0,Putative Excitatory Unit,0.6666666666666666,0.2,0.3420596435002153,0.2721254803119979,1.1,0.3210119605064392,23.881221175193787,0.4241280158360799,41.18153846153846
F3797,5-Meo,131,0,Putative Excitatory Unit,1.1,0.5333333333333333,0.121291284915953,0.6258639597902743,1.7,-0.2031792402267456,21.12596125900745,0.1168166115170433,2.58
F3797,5-Meo,133,0,Putative Excitatory Unit,0.5666666666666667,0.3333333333333333,-0.4556892922929996,0.3447427451405621,0.8,-1.6677799224853516,11.009767845273018,0.2630512497641823,9.832307692307692
F3797,5-Meo,139,0,Putative Excitatory Unit,0.8666666666666666,0.2333333333333333,0.152282608052848,0.2482335676937152,1.3333333333333333,0.0473363995552063,25.57119356095791,0.3726138046809605,12.812307692307693
F3797,5-Meo,141,0,Putative Excitatory Unit,0.8666666666666666,0.2333333333333333,0.152282608052848,0.2482335676937152,1.3333333333333333,0.0473363995552063,25.57119356095791,0.3726138046809605,9.412307692307692
F3797,5-Meo,147,0,Putative Excitatory Unit,0.6,0.3333333333333333,-0.4461609299709059,0.3008672081820115,0.8333333333333334,-1.4651074409484863,11.88624842464924,0.261484960714976,5.983076923076923
F3797,5-Meo,155,0,Putative Excitatory Unit,0.6,0.2,0.4067502154255248,0.3218525239007986,0.9333333333333332,0.5518094301223755,15.348979593254626,0.3001874360171231,10.663076923076924
F3797,5-Meo,157,0,Putative Excitatory Unit,0.5333333333333333,0.1666666666666666,0.7122206351167428,0.5453023314614144,1.1666666666666667,0.7255200147628784,24.502221643924717,0.3743548095226288,4.476923076923077
F3797,5-Meo,161,0,Putative Excitatory Unit,0.5666666666666667,0.3333333333333333,-0.4931014725233284,0.2914898856248132,0.8,-1.828141450881958,10.4183334922418,0.2994447187943892,16.201538461538462
F3797,5-Meo,165,0,Putative Excitatory Unit,0.6666666666666666,0.2,0.3249491949242798,0.2714404226512905,1.1333333333333333,0.2461026906967163,25.3726159632206,0.454275369644165,20.41076923076923
F3797,5-Meo,171,0,Putative Excitatory Unit,0.6666666666666666,0.2,0.3249491949242798,0.2714404226512905,1.1333333333333333,0.2461026906967163,25.3726159632206,0.454275369644165,37.79538461538461
F3797,5-Meo,175,0,Putative Excitatory Unit,1.0,0.5,0.1682038787240703,0.5938375325563959,1.7,-0.0341114997863769,22.449927136301994,0.1528556495904922,4.747692307692308
F3797,5-Meo,181,0,Putative Excitatory Unit,0.8,0.2333333333333333,0.3071620900083559,0.2812436257882691,1.4666666666666668,0.3835379481315613,22.096662148833275,0.3181105760427621,6.246153846153846
F3797,5-Meo,183,0,Putative Excitatory Unit,0.8,0.2333333333333333,0.3071620900083559,0.2812436257882691,1.4666666666666668,0.3835379481315613,22.096662148833275,0.3181105760427621,14.907692307692308
F3797,5-Meo,195,0,Putative Excitatory Unit,0.6666666666666666,0.2333333333333333,0.3090760099042887,0.2798562541461454,1.1333333333333333,0.5144799053668976,15.741578482091429,0.2739211320877075,3.1538461538461537
F3797,5-Meo,199,0,Putative Excitatory Unit,0.5666666666666667,0.3,-0.4263600597133072,0.3318081916909844,0.8,-1.548424482345581,11.208353988826277,0.2808032902804288,6.661538461538462
F3797,5-Meo,203,0,Putative Excitatory Unit,0.6333333333333333,0.2,0.7152956564010974,0.4312603717569897,1.3,0.6999743282794952,33.300280541181564,0.4657160970899794,0.4738461538461538
F3797,5-Meo,205,0,Putative Excitatory Unit,0.6333333333333333,0.2,0.7152956564010974,0.4312603717569897,1.3,0.6999743282794952,33.300280541181564,0.4657160970899794,1.6184615384615384
F3797,5-Meo,209,1,Putative Inhibitory Unit,0.6,0.1333333333333333,0.6897969442144548,0.3451175031831402,1.2666666666666666,0.3659341931343078,60.42353146895766,1.2510244846343994,5.7323076923076925
F3797,5-Meo,213,0,Putative Excitatory Unit,0.6333333333333333,0.2,0.4888782550484497,0.3188690435888551,1.0,0.6854622960090637,13.8067758474499,0.2612176374955611,2.186153846153846
F3797,5-Meo,217,0,Putative Excitatory Unit,0.3333333333333333,0.2,0.894192651016715,0.8537134732570277,0.9333333333333332,0.8772841840982437,28.73310135304928,0.5146674633026123,5.626153846153846
F3797,5-Meo,219,0,Putative Excitatory Unit,0.3666666666666667,0.2333333333333333,0.8524375029435737,0.8018925453047044,0.9333333333333332,0.8369903713464737,27.250027400441468,0.5103811740875244,4.987692307692308
F3797,5-Meo,223,0,Putative Excitatory Unit,0.7,0.1666666666666666,0.3093603254072073,0.246935633512049,0.9,0.2998455762863159,23.856825590133667,0.4479571580886841,26.573846153846155
F3797,5-Meo,225,0,Putative Excitatory Unit,0.7,0.1666666666666666,0.3093603254072073,0.246935633512049,0.9,0.2998455762863159,23.856825590133667,0.4479571580886841,36.22923076923077
F3797,5-Meo,229,0,Putative Excitatory Unit,0.5666666666666667,0.3,-0.3865848026704119,0.3385496882430175,0.8,-1.432105541229248,11.8372053951025,0.2889185385270552,13.195384615384617
F3797,5-Meo,231,0,Putative Excitatory Unit,0.6,1.0666666666666669,0.2407798615070982,0.9413825719300796,1.8333333333333333,-0.1756461858749389,15.989497914910316,0.2040974140167236,0.8723076923076923
F3797,5-Meo,235,0,Putative Excitatory Unit,1.0,0.5333333333333333,0.1024344962213063,0.5998368836926675,1.6666666666666667,-0.1675254106521606,20.004602059721947,0.132815056376987,4.064615384615385
F3797,5-Meo,237,0,Putative Excitatory Unit,0.4,0.2333333333333333,0.7343473976345537,0.6694966203736182,0.9666666666666668,0.6825109720230103,27.303617477416992,0.5160016616185507,4.092307692307692
F3797,5-Meo,241,1,Putative Inhibitory Unit,0.2333333333333333,0.1333333333333333,1.5510805682016973,0.9687256005205797,0.4666666666666667,1.6951048374176023,43.214309968054295,1.6608431339263916,17.12153846153846
F3797,5-Meo,245,0,Putative Excitatory Unit,0.6,0.3,11.5373037253323,0.6689793105165187,0.7,2.6261826753616333,30.42424050718546,0.3213577535417344,2.8630769230769237
F3797,5-Meo,249,0,Putative Excitatory Unit,1.0,0.4666666666666667,-0.0770714587375799,0.4106793352738279,1.6333333333333335,-0.1861463785171508,15.92640383541584,0.1546817272901535,2.3230769230769237
F3797,5-Meo,255,0,Putative Excitatory Unit,0.7666666666666667,0.2333333333333333,0.1328021993184612,0.2529166807312779,1.3,0.2779344916343689,18.51403696089983,0.2868743309607872,24.47230769230769
F3797,5-Meo,257,0,Putative Excitatory Unit,0.8666666666666666,0.2,-0.128466885920924,0.2152022369156065,1.0333333333333334,-0.2879873514175415,19.389801278710365,0.3081545829772949,23.36
F3797,5-Meo,261,0,Putative Excitatory Unit,1.1,0.6,0.393883315904824,0.8124602740770873,1.7666666666666666,0.2313899397850036,24.851490274071693,0.1035988217308407,1.3353846153846154
F3797,5-Meo,265,0,Putative Excitatory Unit,0.4333333333333333,0.4,-0.7400106649404548,0.139260515879804,1.7666666666666666,-0.8543431758880615,0.1997461542487144,0.1657999853293101,0.7092307692307692
F3797,5-Meo,269,0,Putative Excitatory Unit,0.6,0.3333333333333333,-0.6087297777861264,0.2423237825158999,0.9,-1.9096581935882568,8.793731823563576,0.2433651487032572,7.098461538461539
F3797,5-Meo,273,0,Putative Excitatory Unit,0.5,0.1333333333333333,0.6933128631812971,0.461756594179331,1.1333333333333333,0.6851824820041656,25.45053106546402,0.5377611092158726,5.001538461538462
F3797,5-Meo,275,0,Putative Excitatory Unit,0.6,0.1666666666666666,0.3259229493879523,0.3037188001427338,1.1666666666666667,0.3801792860031128,19.76534316688776,0.4014238357543945,14.013846153846156
F3797,5-Meo,277,0,Putative Excitatory Unit,0.6,0.3333333333333333,-0.3559271090875669,0.3873712320181245,0.8333333333333334,-1.1640520095825195,11.89046480692923,0.2412383339621804,2.6769230769230767
F3797,5-Meo,281,0,Putative Excitatory Unit,0.5666666666666667,0.3,-0.2549669645172915,0.4286339881560258,0.8,-1.3548033237457275,16.5110130533576,0.3261454105377197,10.090769230769231
F3797,5-Meo,283,0,Putative Excitatory Unit,1.1,0.4333333333333333,-0.1983715942622551,0.3897811466219977,1.7,-0.4496375322341919,12.966522470116615,0.1463427683886359,3.356923076923077
F3797,5-Meo,285,0,Putative Excitatory Unit,0.6,0.2,0.4200312040100977,0.2973456077347934,1.1333333333333333,0.3939377665519714,23.303356260061264,0.4990556240081787,52.07384615384616
F3797,5-Meo,289,0,Putative Excitatory Unit,0.6,0.2,0.4200312040100977,0.2973456077347934,1.1333333333333333,0.3939377665519714,23.303356260061264,0.4990556240081787,20.73076923076923
F3797,5-Meo,293,0,Putative Excitatory Unit,0.6,0.3333333333333333,-0.61771251749105,0.1963480424708167,0.8333333333333334,-1.419358491897583,5.339468622580171,0.2426504691441854,4.401538461538461
F3797,5-Meo,295,0,Putative Excitatory Unit,0.9666666666666668,0.3,-0.0062873968731337,0.2605825888927833,1.2666666666666666,-0.2015728950500488,21.80600836500525,0.2845925390720367,15.255384615384616
F3797,5-Meo,297,0,Putative Excitatory Unit,0.9666666666666668,0.3,-0.0062873968731337,0.2605825888927833,1.2666666666666666,-0.2015728950500488,21.80600836500525,0.2845925390720367,3.627692307692308
F3797,5-Meo,301,0,Putative Excitatory Unit,0.6,0.3333333333333333,18.664073006428143,0.6384198749245084,0.7,2.707503318786621,31.03851968050003,0.3308226797315809,2.263076923076923
F3797,5-Meo,307,0,Putative Excitatory Unit,0.9666666666666668,0.2666666666666666,-0.1988007859562614,0.2255240832520975,1.2,-0.7899065017700195,21.58069141954184,0.3120196847354664,3.566153846153846
F3797,5-Meo,309,0,Putative Excitatory Unit,0.9666666666666668,0.2666666666666666,-0.1988007859562614,0.2255240832520975,1.2,-0.7899065017700195,21.58069141954184,0.3120196847354664,3.810769230769231
F3797,5-Meo,311,0,Putative Excitatory Unit,0.9666666666666668,0.2666666666666666,-0.1988007859562614,0.2255240832520975,1.2,-0.7899065017700195,21.58069141954184,0.3120196847354664,7.447692307692308
F3797,5-Meo,313,0,Putative Excitatory Unit,0.9666666666666668,0.2666666666666666,-0.1988007859562614,0.2255240832520975,1.2,-0.7899065017700195,21.58069141954184,0.3120196847354664,5.686153846153847
F3797,5-Meo,317,0,Putative Excitatory Unit,0.5666666666666667,0.3333333333333333,-0.6350741686352434,0.1900992426780913,0.8,-1.8508307933807373,6.249677963554859,0.2789182662963867,2.956923076923077
F3797,5-Meo,321,0,Putative Excitatory Unit,0.5666666666666667,0.3333333333333333,-0.6350741686352434,0.1900992426780913,0.8,-1.8508307933807373,6.249677963554859,0.2789182662963867,0.103076923076923
F3797,5-Meo,329,0,Putative Excitatory Unit,0.6333333333333333,0.3333333333333333,12.748850981953057,0.665447520324241,0.7333333333333334,2.5693719387054443,30.39681378751993,0.3066483073764377,1.8138461538461537
F3797,5-Meo,331,0,Putative Excitatory Unit,1.0333333333333334,0.6,6.350419876098928,0.9565249915648002,1.1,2.4346444606781006,28.801712721586227,0.1030249118804931,1.1046153846153846
F3797,5-Meo,335,0,Putative Excitatory Unit,0.9,0.2333333333333333,0.1549580673701245,0.2583821385500003,1.3666666666666667,0.2304732799530029,20.321312503889203,0.2907509463174002,2.055384615384616
F3797,5-Meo,337,0,Putative Excitatory Unit,0.9,0.2333333333333333,0.1549580673701245,0.2583821385500003,1.3666666666666667,0.2304732799530029,20.321312503889203,0.2907509463174002,9.77076923076923
F3797,5-Meo,339,0,Putative Excitatory Unit,0.6,0.3333333333333333,-0.4319991872555463,0.336562059897906,0.8333333333333334,-1.2885792255401611,10.726294353604317,0.2247634728749593,3.664615384615385
F3797,5-Meo,341,0,Putative Excitatory Unit,0.6,0.3666666666666667,-0.447999693563723,0.3314762027616039,0.8666666666666666,-1.2250280380249023,10.486368849873545,0.2326276302337646,3.046153846153846
F3797,5-Meo,343,0,Putative Excitatory Unit,0.6333333333333333,0.2,0.4597955069857119,0.3019997796846499,1.1666666666666667,0.5759861469268799,18.65604753512889,0.344916972247037,25.96
F3797,5-Meo,347,0,Putative Excitatory Unit,0.9666666666666668,0.3,-0.1194212699528016,0.244788886187303,1.2333333333333332,-0.3413853645324707,19.03593335300684,0.2535639931173885,13.489230769230767
F3797,5-Meo,351,0,Putative Excitatory Unit,0.5666666666666667,0.3333333333333333,-0.6703927334397575,0.1726023139319653,0.8,-1.608293533325195,4.862727984786034,0.2484887838363647,3.26
F3797,5-Meo,353,0,Putative Excitatory Unit,0.6333333333333333,0.3333333333333333,11.032970435693548,0.6532075417285096,0.7333333333333334,2.602947473526001,32.5225794762373,0.327015929751926,1.5107692307692309
F3797,5-Meo,360,1,Putative Inhibitory Unit,0.7,0.1666666666666666,-0.1464107124216682,0.2320379860662631,0.8333333333333334,-2.881775140762329,51.71339999884367,1.0380033651987712,14.633846153846154
F3797,5-Meo,362,1,Putative Inhibitory Unit,0.6666666666666666,0.2,0.2207592742545843,0.2661145687971322,0.9,-1.595268487930298,68.52037993073463,1.2731828689575195,3.987692307692308
F3797,5-Meo,364,1,Putative Inhibitory Unit,0.8,0.2333333333333333,-0.008288692623037,0.2436855103278339,1.0333333333333334,-1.8518824577331543,51.76026293635368,0.8221938950674874,4.993846153846154
F3797,5-Meo,366,1,Putative Inhibitory Unit,0.8,0.2333333333333333,-0.008288692623037,0.2436855103278339,1.0333333333333334,-1.8518824577331543,51.76026293635368,0.8221938950674874,5.836923076923077
F3797,5-Meo,368,0,Putative Excitatory Unit,0.6333333333333333,0.4,5.671078432839539,0.9191169494001796,0.7333333333333334,2.581571936607361,37.14881239831448,0.2730577786763509,1.4584615384615385
F3797,5-Meo,370,0,Putative Excitatory Unit,1.0333333333333334,0.2,0.4433686861298544,0.4665240232603536,1.7,0.5053565502166748,19.868065252900124,0.1527409156163533,9.415384615384616
F3797,5-Meo,372,0,Putative Excitatory Unit,1.0333333333333334,0.2,0.4433686861298544,0.4665240232603536,1.7,0.5053565502166748,19.868065252900124,0.1527409156163533,6.2784615384615385
F3797,5-Meo,376,0,Putative Excitatory Unit,1.0333333333333334,0.2333333333333333,0.3984362747452995,0.487457711185795,1.7,0.4357513189315796,21.044971384108067,0.1582871745614444,10.924615384615384
F3797,5-Meo,380,0,Putative Excitatory Unit,1.0333333333333334,0.2333333333333333,0.3984362747452995,0.487457711185795,1.7,0.4357513189315796,21.044971384108067,0.1582871745614444,5.004615384615384
F3797,5-Meo,382,1,Putative Inhibitory Unit,0.8,0.2,0.2104808903172573,0.2348815320830843,1.0333333333333334,-0.5492520332336426,46.23125279694796,0.7779024564302884,4.490769230769231
F3797,5-Meo,386,1,Putative Inhibitory Unit,0.6666666666666666,0.2,-0.5708153124308264,0.1616637783622518,0.8,-6.407983303070068,39.14358253777027,0.963081433222844,3.413846153846154
F3797,5-Meo,388,1,Putative Inhibitory Unit,0.6333333333333333,0.2,0.3238225692204268,0.270967944993221,1.1666666666666667,-0.3629534244537353,48.105628088116646,0.9847640991210938,1.616923076923077
F3797,5-Meo,390,0,Putative Excitatory Unit,1.0333333333333334,0.6,7.227945858424145,0.941716235068748,1.1,2.4691274166107178,28.63478583097458,0.1030519008636474,1.8892307692307693
F3797,5-Meo,392,1,Putative Inhibitory Unit,0.6333333333333333,0.1333333333333333,-0.1509435585735968,0.2404110403380475,0.7666666666666667,-2.5080533027648926,44.20684933662415,0.9785919189453124,1.2461538461538462
F3799,5-Meo,84,0,Putative Excitatory Unit,0.5666666666666667,0.3333333333333333,0.7229972475378079,0.9343271019226153,1.1666666666666667,0.6266022324562073,27.90913701802492,0.2485840559005737,2.4061538461538463
F3799,5-Meo,90,0,Putative Excitatory Unit,0.5666666666666667,0.2,0.3276928606168225,0.2914121886454567,1.0333333333333334,0.3380897641181946,22.92987632751465,0.4485607624053955,12.393846153846154
F3799,5-Meo,92,0,Putative Excitatory Unit,0.5666666666666667,0.2,0.3276928606168225,0.2914121886454567,1.0333333333333334,0.3380897641181946,22.92987632751465,0.4485607624053955,46.238461538461536
F3799,5-Meo,98,1,Putative Inhibitory Unit,0.2,0.1333333333333333,0.8388312758225988,0.7716773706704804,0.8333333333333334,0.7553196549415588,33.92470595985651,1.205877463022868,2.0923076923076924
F3799,5-Meo,104,1,Putative Inhibitory Unit,0.6,0.2,0.113961874103197,0.2618309078403931,0.7333333333333334,-0.8573646545410156,40.6930326372385,0.8107771439985796,5.435384615384615
F3799,5-Meo,105,1,Putative Inhibitory Unit,0.6666666666666666,0.2333333333333333,0.2277320969557342,0.283841445818476,1.0666666666666669,-0.9618699550628662,57.47397604584694,0.998935265974565,0.0876923076923077
F3799,5-Meo,114,0,Putative Excitatory Unit,0.6666666666666666,0.2333333333333333,0.2949634785748495,0.2899395172065945,1.0333333333333334,0.3296301364898681,21.99856697022915,0.3860648762096058,14.72
F3799,5-Meo,116,0,Putative Excitatory Unit,0.6666666666666666,0.2333333333333333,0.2949634785748495,0.2899395172065945,1.0333333333333334,0.3296301364898681,21.99856697022915,0.3860648762096058,30.361538461538466
F3799,5-Meo,120,0,Putative Excitatory Unit,0.6666666666666666,0.2,0.2778024383739424,0.2480676048635338,1.0333333333333334,0.3589463829994201,21.00613602809608,0.4156610315496271,50.61384615384616
F3799,5-Meo,122,1,Putative Inhibitory Unit,0.2333333333333333,0.1,1.0412100316245418,0.6858799070661136,0.9,1.0514225848019123,35.595936954021454,1.2378536860148113,11.51846153846154
F3799,5-Meo,129,0,Putative Excitatory Unit,0.4666666666666667,0.2333333333333333,0.610056912761061,0.5433455564228832,0.9333333333333332,0.5518077611923218,22.14693456888199,0.4257338941097259,6.272307692307693
F3799,5-Meo,133,0,Putative Excitatory Unit,1.1,0.3333333333333333,0.18507100923707,0.4996105363912577,1.6333333333333335,-0.0555951595306396,22.48952536284924,0.1536244750022888,8.818461538461538
F3799,5-Meo,137,0,Putative Excitatory Unit,0.5333333333333333,0.1666666666666666,0.3816839833925219,0.2594497516155809,0.7,0.3464377522468567,23.832272097468376,0.5629008769989013,91.43076923076924
F3799,5-Meo,141,0,Putative Excitatory Unit,1.1,0.6333333333333333,0.270016292462513,0.8960514344928021,1.7,-0.0681542158126831,26.458157300949097,0.1036972284317016,3.3815384615384616
F3799,5-Meo,147,1,Putative Inhibitory Unit,0.2,0.1333333333333333,0.9554729001801988,0.8675055483024104,0.8666666666666666,0.9300790876150132,26.08403413370252,1.1798884868621826,2.8661538461538463
F3799,5-Meo,152,0,Putative Excitatory Unit,0.6,0.2,0.3640892126142011,0.2632827315622775,0.9666666666666668,0.3729575276374817,23.010638443753123,0.5108826637268067,12.19076923076923
F3799,5-Meo,154,0,Putative Excitatory Unit,0.6,0.2,0.3640892126142011,0.2632827315622775,0.9666666666666668,0.3729575276374817,23.010638443753123,0.5108826637268067,22.301538461538463
F3799,5-Meo,160,1,Putative Inhibitory Unit,0.6,0.1333333333333333,-0.3792456161776509,0.1714386143073802,0.7333333333333334,-3.088726043701172,35.87799794971943,0.9758090972900392,10.653846153846152
F3799,5-Meo,162,1,Putative Inhibitory Unit,0.6,0.1333333333333333,-0.3792456161776509,0.1714386143073802,0.7333333333333334,-3.088726043701172,35.87799794971943,0.9758090972900392,0.5
F3799,5-Meo,164,1,Putative Inhibitory Unit,0.2,0.0666666666666666,1.0214076225935904,0.7100043421506028,0.8666666666666666,1.0290411040186882,29.260140120983124,1.2874083518981934,0.94
F3799,5-Meo,172,0,Putative Excitatory Unit,0.8,0.2,0.1812112882287298,0.2245821507743662,1.2,0.3316600322723388,19.81732871383429,0.3577640453974406,3.789230769230769
F3799,5-Meo,176,0,Putative Excitatory Unit,0.8,0.2,0.1812112882287298,0.2245821507743662,1.2,0.3316600322723388,19.81732871383429,0.3577640453974406,19.31692307692308
F3799,5-Meo,190,0,Putative Excitatory Unit,1.0,0.3,0.0740477937204001,0.3439503485267736,1.4333333333333331,0.0409987568855285,19.35463173687458,0.1902433703927432,6.786153846153846
F3799,5-Meo,194,0,Putative Excitatory Unit,0.6333333333333333,0.1666666666666666,0.2964102341513348,0.2313394122649975,1.0333333333333334,0.3623170256614685,21.91553147882223,0.5078999042510987,20.246153846153845
F3799,5-Meo,200,0,Putative Excitatory Unit,0.6333333333333333,0.1666666666666666,0.2964102341513348,0.2313394122649975,1.0333333333333334,0.3623170256614685,21.91553147882223,0.5078999042510987,9.733846153846152
F3799,5-Meo,206,0,Putative Excitatory Unit,0.9666666666666668,0.3666666666666667,0.2578397165317635,0.5050709547914425,1.6,0.1840651035308838,24.61797596514225,0.1711239218711853,2.815384615384616
F3799,5-Meo,212,0,Putative Excitatory Unit,0.8,0.2333333333333333,0.1600964084763387,0.2544048633311285,1.1666666666666667,0.1887112855911255,21.33305909484625,0.3388217779306265,26.01692307692308
F3799,5-Meo,216,0,Putative Excitatory Unit,0.7,0.2,0.2043677021987229,0.2690515071517452,1.1,0.0261387825012207,25.871693581342697,0.4980989802967418,6.606153846153847
F3799,5-Meo,219,0,Putative Excitatory Unit,0.7,0.2,0.2043677021987229,0.2690515071517452,1.1,0.0261387825012207,25.871693581342697,0.4980989802967418,12.57846153846154
F3799,5-Meo,220,0,Putative Excitatory Unit,0.5666666666666667,0.2,0.4953619344936675,0.3221587974073616,1.1666666666666667,0.6939091980457306,14.524725072085856,0.2815442085266113,6.296923076923077
F3799,5-Meo,224,0,Putative Excitatory Unit,0.5666666666666667,0.2,0.2965311749470047,0.2875506060155446,0.9666666666666668,0.2895786762237549,21.505610957741737,0.4553442001342773,13.261538461538462
F3799,5-Meo,226,0,Putative Excitatory Unit,0.5666666666666667,0.2,0.2965311749470047,0.2875506060155446,0.9666666666666668,0.2895786762237549,21.505610957741737,0.4553442001342773,27.17076923076923
F3799,5-Meo,232,0,Putative Excitatory Unit,0.5333333333333333,0.1666666666666666,0.3747692854874696,0.2347914878821684,0.9333333333333332,0.4291630983352661,21.49316769093275,0.5939866701761881,4.046153846153846
F3799,5-Meo,234,0,Putative Excitatory Unit,0.5333333333333333,0.1666666666666666,0.3747692854874696,0.2347914878821684,0.9333333333333332,0.4291630983352661,21.49316769093275,0.5939866701761881,35.60153846153846
F3799,5-Meo,236,0,Putative Excitatory Unit,1.0,0.2666666666666666,0.1429387319385045,0.343938464123165,1.5666666666666669,-0.1551082134246826,27.107139453291893,0.2799194157123565,4.529230769230769
F3799,5-Meo,248,0,Putative Excitatory Unit,0.5,0.2333333333333333,0.668923634962981,0.6243900308487295,1.1666666666666667,0.6666567027568817,21.03492530435324,0.2990208996666802,7.609230769230769
F3799,5-Meo,252,0,Putative Excitatory Unit,0.8,0.2333333333333333,0.0100398845055907,0.2364548390063756,1.0333333333333334,0.0171795487403869,18.76739327609539,0.3029135976518903,12.796923076923076
F3799,5-Meo,256,1,Putative Inhibitory Unit,0.2333333333333333,0.1,1.0420541135420798,0.6890606074722817,0.9,1.051128439605236,32.839420437812805,1.2009989420572915,1.3723076923076922
F3799,5-Meo,260,0,Putative Excitatory Unit,0.6,0.1666666666666666,0.4811415063831647,0.2748252324586642,1.1,0.6270774006843567,18.06597965583205,0.3873554944992065,10.833846153846151
F3799,5-Meo,264,0,Putative Excitatory Unit,0.6,0.1666666666666666,0.4811415063831647,0.2748252324586642,1.1,0.6270774006843567,18.06597965583205,0.3873554944992065,12.604615384615384
F3799,5-Meo,266,1,Putative Inhibitory Unit,0.2666666666666666,0.0666666666666666,0.7770919947797635,0.267351762534478,0.9333333333333332,0.8470229804515839,15.750865805894136,1.140426754951477,14.312307692307693
F3799,5-Meo,270,0,Putative Excitatory Unit,0.5666666666666667,0.2333333333333333,0.2793307903644931,0.278490875588067,1.0666666666666669,0.5690263211727142,14.527076944708824,0.2747177124023437,0.9507692307692308
F3799,5-Meo,278,0,Putative Excitatory Unit,0.5666666666666667,0.2,0.3638749238000016,0.3111292784146253,0.9666666666666668,0.2520357966423034,25.77991843223572,0.5154326915740967,10.28
F3799,5-Meo,280,0,Putative Excitatory Unit,0.5666666666666667,0.2,0.3638749238000016,0.3111292784146253,0.9666666666666668,0.2520357966423034,25.77991843223572,0.5154326915740967,11.107692307692307
F3799,5-Meo,290,0,Putative Excitatory Unit,0.6666666666666666,0.1333333333333333,0.263677846078152,0.1989560740300323,1.2666666666666666,0.3514153361320495,22.94058264791965,0.621635013156467,20.127692307692307
F3799,5-Meo,296,0,Putative Excitatory Unit,0.6333333333333333,0.1666666666666666,0.2770634333633214,0.2415433938575483,1.1,0.3820071816444397,20.597546074539423,0.4519605636596679,14.443076923076925
F3799,5-Meo,298,0,Putative Excitatory Unit,0.9333333333333332,0.3333333333333333,0.1800486936285155,0.3932400579304653,1.4333333333333331,0.1519089937210083,21.89716310799122,0.1939887702465057,2.9892307692307694
F3799,5-Meo,300,1,Putative Inhibitory Unit,0.5,0.1333333333333333,0.6972260625864057,0.3987966126269643,1.1666666666666667,0.0851784944534301,73.97665405273438,1.8369953972952704,0.7507692307692307
F3799,5-Meo,302,0,Putative Excitatory Unit,0.5666666666666667,0.2,0.435311754932502,0.3005935839035396,1.0333333333333334,0.3109973073005676,28.58404364436865,0.5826110363006591,9.618461538461538
F3799,5-Meo,308,1,Putative Inhibitory Unit,0.2333333333333333,0.0666666666666666,1.2199227040016398,0.3449045179726769,0.4,1.2369218468666077,22.421829998493195,1.733460783958435,7.115384615384615
F3799,5-Meo,312,1,Putative Inhibitory Unit,0.5333333333333333,0.2,0.2628504979625599,0.2717882065152132,0.9,-1.0248520374298096,55.32948912680149,1.2763184547424316,7.56
F3799,5-Meo,313,1,Putative Inhibitory Unit,0.9,0.2,0.1450425201091434,0.26228902717984,1.2333333333333332,-1.011082887649536,48.76396310329437,0.6845980962117513,2.14
F3799,5-Meo,315,1,Putative Inhibitory Unit,0.7666666666666667,0.1333333333333333,0.0523279195827274,0.2404439287146922,0.9,-1.2079181671142578,43.07368302345276,0.784366094149076,0.2292307692307692
F3799,5-Meo,317,1,Putative Inhibitory Unit,0.5,0.1333333333333333,0.5743397218950503,0.3450303936284805,0.6333333333333333,0.021114706993103,48.06933431327343,1.165916019015842,4.552307692307692
F3799,5-Meo,319,1,Putative Inhibitory Unit,0.6333333333333333,0.1666666666666666,-0.182288602098249,0.2596109913435366,0.7666666666666667,-4.229696273803711,58.56605613604188,1.266593499617143,2.8661538461538463
F4020,saline,62,0,Putative Excitatory Unit,0.7666666666666667,0.2333333333333333,0.1815576155149257,0.2570704116150545,1.2333333333333332,0.0912559032440185,26.047355502843857,0.3925662407508263,8.964615384615385
F4020,saline,66,0,Putative Excitatory Unit,0.7666666666666667,0.2333333333333333,0.1815576155149257,0.2570704116150545,1.2333333333333332,0.0912559032440185,26.047355502843857,0.3925662407508263,4.6692307692307695
F4020,saline,72,0,Putative Excitatory Unit,1.0666666666666669,0.3666666666666667,0.1886465321789952,0.5007599691230441,1.6333333333333335,0.1035802364349365,21.19118294119835,0.1542678861057057,1.736923076923077
F4020,saline,78,1,Putative Inhibitory Unit,0.4333333333333333,0.2333333333333333,0.519762244192108,0.7311300407246955,1.0,0.3349717855453491,32.60711608082056,0.5756980895996093,1.7215384615384617
F4020,saline,84,0,Putative Excitatory Unit,0.6666666666666666,0.2,0.4506766738386669,0.2889843016132957,1.0666666666666669,0.4515115022659302,23.80260492488742,0.4556623805652965,6.241538461538462
F4020,saline,90,0,Putative Excitatory Unit,0.6666666666666666,0.2,0.4506766738386669,0.2889843016132957,1.0666666666666669,0.4515115022659302,23.80260492488742,0.4556623805652965,13.37076923076923
F4020,saline,99,0,Putative Excitatory Unit,0.6333333333333333,0.2333333333333333,0.4124323651542202,0.3283097990788268,1.1666666666666667,0.3228612542152405,26.65090224891901,0.4507242549549449,6.421538461538462
F4020,saline,101,0,Putative Excitatory Unit,0.6333333333333333,0.2333333333333333,0.4124323651542202,0.3283097990788268,1.1666666666666667,0.3228612542152405,26.65090224891901,0.4507242549549449,16.28
F4020,saline,109,1,Putative Inhibitory Unit,0.2333333333333333,0.1,0.7264803397925925,0.3051704722416639,0.9,0.7679486274719238,18.16384128620848,1.199926733970642,24.233846153846155
F4020,saline,113,0,Putative Excitatory Unit,0.4666666666666667,1.1666666666666667,0.3912031875327196,0.871543281781873,0.9666666666666668,0.4580997228622436,20.220127183943987,0.2368085384368896,0.2923076923076923
F4020,saline,115,0,Putative Excitatory Unit,0.4666666666666667,1.1666666666666667,0.3912031875327196,0.871543281781873,0.9666666666666668,0.4580997228622436,20.220127183943987,0.2368085384368896,0.6107692307692307
F4020,saline,121,0,Putative Excitatory Unit,0.7,0.2333333333333333,0.1021326939788301,0.2669736051005211,1.1333333333333333,0.0236891508102417,22.294511571526527,0.3740763664245605,11.010769230769233
F4020,saline,125,0,Putative Excitatory Unit,0.7,0.2333333333333333,0.1021326939788301,0.2669736051005211,1.1333333333333333,0.0236891508102417,22.294511571526527,0.3740763664245605,24.373846153846152
F4020,saline,131,1,Putative Inhibitory Unit,0.4333333333333333,0.1333333333333333,0.7643141203502699,0.5529974403057943,1.1,0.7632763087749481,27.034677624702454,0.640900993347168,3.627692307692308
F4020,saline,133,1,Putative Inhibitory Unit,0.4333333333333333,0.1333333333333333,0.7643141203502699,0.5529974403057943,1.1,0.7632763087749481,27.034677624702454,0.640900993347168,0.6092307692307692
F4020,saline,135,0,Putative Excitatory Unit,0.4333333333333333,0.3666666666666667,-0.6402983941996246,0.1577622852456767,1.7333333333333332,-0.7054768800735474,0.4698790833353996,0.2155110185796564,0.5723076923076923
F4020,saline,137,0,Putative Excitatory Unit,0.6,0.2333333333333333,0.3280350589666499,0.2955196434147136,1.1666666666666667,0.2916509509086609,24.40780266001821,0.4737223625183105,32.52307692307692
F4020,saline,139,0,Putative Excitatory Unit,0.6,0.2333333333333333,0.3280350589666499,0.2955196434147136,1.1666666666666667,0.2916509509086609,24.40780266001821,0.4737223625183105,20.583076923076923
F4020,saline,143,0,Putative Excitatory Unit,0.7333333333333334,0.4333333333333333,-0.6331757249517649,0.2233734907055493,1.3,-1.2711563110351562,2.587477758526802,0.1427317410707473,2.907692307692308
F4020,saline,147,0,Putative Excitatory Unit,0.4666666666666667,0.3,0.4341555815472407,0.8110226940215935,1.0666666666666669,0.1390819549560547,29.82879069447517,0.3843527521405901,2.3276923076923075
F4020,saline,151,0,Putative Excitatory Unit,1.0666666666666669,0.5,0.3439825556882443,0.8078455023309729,1.7,0.1124676465988159,25.92136776447296,0.1125392794609069,3.9246153846153846
F4020,saline,159,0,Putative Excitatory Unit,0.6333333333333333,0.2,0.4222874566842923,0.3158605622530976,1.0333333333333334,0.3243218660354614,25.6910512521863,0.4787704727866433,10.11076923076923
F4020,saline,161,0,Putative Excitatory Unit,0.6333333333333333,0.2,0.4222874566842923,0.3158605622530976,1.0333333333333334,0.3243218660354614,25.6910512521863,0.4787704727866433,9.247692307692308
F4020,saline,163,0,Putative Excitatory Unit,0.6333333333333333,0.2,0.4222874566842923,0.3158605622530976,1.0333333333333334,0.3243218660354614,25.6910512521863,0.4787704727866433,23.324615384615385
F4020,saline,167,0,Putative Excitatory Unit,1.1,0.4333333333333333,0.2205161854981091,0.6316036625413002,1.7,-0.0499098300933837,23.161892920732495,0.1301409006118774,1.503076923076923
F4020,saline,169,0,Putative Excitatory Unit,0.5333333333333333,0.1333333333333333,0.8510080640235229,0.3558458030150552,1.2,0.9332134872674942,14.745098747313024,0.4663397789001465,0.6538461538461539
F4019,5-Meo,72,1,Putative Inhibitory Unit,0.7333333333333334,0.1333333333333333,-0.5856020101262603,0.138702404325476,0.9,-4.368464946746826,26.716739859431986,0.8429626623789469,4.726153846153847
F4019,5-Meo,80,1,Putative Inhibitory Unit,0.6333333333333333,0.1666666666666666,0.2893399250714448,0.259423844250408,1.2,-1.3932726383209229,75.98635342717171,1.673739242553711,9.935384615384615
F4019,5-Meo,90,0,Putative Excitatory Unit,0.7333333333333334,0.2,0.2007938167201761,0.2383823312679238,1.1,0.344470202922821,18.228486565873027,0.3443077007929484,24.83230769230769
F4019,5-Meo,96,0,Putative Excitatory Unit,0.9,0.2666666666666666,-0.1030618577969949,0.2263743040568925,1.1333333333333333,0.041870892047882,14.734594836831093,0.2150995731353759,14.732307692307693
F4019,5-Meo,102,0,Putative Excitatory Unit,0.9,0.3333333333333333,0.1314514953135833,0.3202324305098544,1.4,0.2813888788223266,17.64075231552124,0.1948853651682535,23.595384615384614
F4019,5-Meo,120,0,Putative Excitatory Unit,0.7666666666666667,0.2333333333333333,0.2163888794839297,0.2510695612597178,1.2333333333333332,0.426818311214447,16.446421898901463,0.2726005590879,4.255384615384616
F4019,5-Meo,128,0,Putative Excitatory Unit,0.7666666666666667,0.2333333333333333,0.2163888794839297,0.2510695612597178,1.2333333333333332,0.426818311214447,16.446421898901463,0.2726005590879,6.587692307692308
F4019,5-Meo,134,1,Putative Inhibitory Unit,0.3,0.1333333333333333,0.8396048133767176,0.3306111452261518,0.5333333333333333,0.8605034649372101,17.67294331640005,0.9678524017333984,14.813846153846152
F4019,5-Meo,142,1,Putative Inhibitory Unit,0.3,0.1333333333333333,0.6346043772969613,0.2799018283451082,0.8666666666666666,0.6777706742286682,19.92097718268633,1.0300033569335938,12.307692307692308
F4019,5-Meo,148,1,Putative Inhibitory Unit,0.2666666666666666,0.1666666666666666,1.085185679959998,0.7936585095931914,0.9333333333333332,1.1130192503333092,36.42367045208812,0.8714388012886047,7.018461538461539
F4019,5-Meo,160,0,Putative Excitatory Unit,0.7,0.2333333333333333,0.2510947814106426,0.271522291663429,1.0,0.2718948125839233,21.303379148244854,0.3733109633127848,14.032307692307691
F4019,5-Meo,168,0,Putative Excitatory Unit,0.7,0.2333333333333333,0.2510947814106426,0.271522291663429,1.0,0.2718948125839233,21.303379148244854,0.3733109633127848,10.738461538461538
F4019,5-Meo,174,1,Putative Inhibitory Unit,0.3333333333333333,0.1666666666666666,0.5967959526933614,0.2567264165207267,0.8333333333333334,0.6702329814434052,20.52977790310979,1.017398738861084,10.013846153846156
F4019,5-Meo,186,0,Putative Excitatory Unit,1.2333333333333332,0.2,-0.0069944842798494,0.3324437863495876,1.7666666666666666,-0.4223195314407348,14.99023899435997,0.1687576675415039,3.0784615384615384
F4019,5-Meo,194,0,Putative Excitatory Unit,0.7666666666666667,0.2666666666666666,0.1209209006685044,0.2827395786119758,1.1,0.1173971891403198,20.335424572229385,0.3061839067018949,35.95692307692308
F4019,5-Meo,198,0,Putative Excitatory Unit,0.7666666666666667,0.2666666666666666,0.1209209006685044,0.2827395786119758,1.1,0.1173971891403198,20.335424572229385,0.3061839067018949,5.358461538461539
F4019,5-Meo,204,0,Putative Excitatory Unit,0.7666666666666667,0.2666666666666666,0.1209209006685044,0.2827395786119758,1.1,0.1173971891403198,20.335424572229385,0.3061839067018949,11.573846153846151
F4019,5-Meo,212,1,Putative Inhibitory Unit,0.2333333333333333,0.1,1.0835639364525185,0.937877160493949,0.9,1.136289969086647,36.55425012111664,1.207771062850952,3.4246153846153846
F4019,5-Meo,224,0,Putative Excitatory Unit,0.8,0.2333333333333333,0.0702876168917992,0.2598865798527746,1.1333333333333333,0.0440952181816101,20.8676200164482,0.3257161653958834,27.53538461538461
F4019,5-Meo,230,0,Putative Excitatory Unit,0.8,0.2333333333333333,0.0702876168917992,0.2598865798527746,1.1333333333333333,0.0440952181816101,20.8676200164482,0.3257161653958834,8.104615384615384
F4019,5-Meo,234,0,Putative Excitatory Unit,0.8,0.2333333333333333,0.0702876168917992,0.2598865798527746,1.1333333333333333,0.0440952181816101,20.8676200164482,0.3257161653958834,15.495384615384616
F4019,5-Meo,258,0,Putative Excitatory Unit,0.9666666666666668,0.2333333333333333,-0.1032509634292156,0.240473549281677,1.2333333333333332,-0.2743895053863525,18.96909235417843,0.2692225873470306,11.246153846153844
F4019,5-Meo,268,0,Putative Excitatory Unit,0.9333333333333332,0.2333333333333333,-0.044816108503045,0.215975531323998,1.1666666666666667,-0.0635344982147216,18.714262202382088,0.3001255035400391,15.11076923076923
F4019,5-Meo,274,0,Putative Excitatory Unit,0.9333333333333332,0.2333333333333333,-0.044816108503045,0.215975531323998,1.1666666666666667,-0.0635344982147216,18.714262202382088,0.3001255035400391,2.083076923076923
F4019,5-Meo,280,0,Putative Excitatory Unit,0.9333333333333332,0.2333333333333333,-0.044816108503045,0.215975531323998,1.1666666666666667,-0.0635344982147216,18.714262202382088,0.3001255035400391,6.069230769230769
F4019,5-Meo,298,0,Putative Excitatory Unit,0.7,0.1666666666666666,0.387867626427652,0.2705610527790821,1.1666666666666667,0.421341061592102,21.88780760765076,0.404090682665507,8.323076923076924
F4019,5-Meo,300,0,Putative Excitatory Unit,0.7,0.1666666666666666,0.387867626427652,0.2705610527790821,1.1666666666666667,0.421341061592102,21.88780760765076,0.404090682665507,17.013846153846153
F4019,5-Meo,304,0,Putative Excitatory Unit,0.7,0.1666666666666666,0.387867626427652,0.2705610527790821,1.1666666666666667,0.421341061592102,21.88780760765076,0.404090682665507,3.04
F4019,5-Meo,307,0,Putative Excitatory Unit,0.7,0.1666666666666666,0.387867626427652,0.2705610527790821,1.1666666666666667,0.421341061592102,21.88780760765076,0.404090682665507,0.3569230769230769
F4019,5-Meo,308,0,Putative Excitatory Unit,0.7,0.1666666666666666,0.387867626427652,0.2705610527790821,1.1666666666666667,0.421341061592102,21.88780760765076,0.404090682665507,3.413846153846154
F4019,5-Meo,316,0,Putative Excitatory Unit,0.8666666666666666,0.2333333333333333,0.0145173349000404,0.2438135870561142,1.2,-0.0821757316589355,21.370314233005047,0.3263790948050363,30.25076923076923
F4019,5-Meo,322,0,Putative Excitatory Unit,0.8666666666666666,0.2333333333333333,0.0145173349000404,0.2438135870561142,1.2,-0.0821757316589355,21.370314233005047,0.3263790948050363,13.84153846153846
F4019,5-Meo,326,1,Putative Inhibitory Unit,0.3333333333333333,0.1333333333333333,0.6365882984962521,0.2773151145938644,1.0,0.6209448575973511,25.369592107832432,1.2311171531677243,19.646153846153847
F4019,5-Meo,334,1,Putative Inhibitory Unit,0.2333333333333333,0.1333333333333333,1.0395385759995954,0.8343943653259845,0.9,1.0568617060780523,35.03291513025761,1.1717586517333984,8.567692307692308
F4019,5-Meo,342,1,Putative Inhibitory Unit,0.2666666666666666,0.1333333333333333,1.072521280603343,0.7508196644915354,0.9333333333333332,1.0806477591395378,31.579393073916435,0.7674148678779602,5.063076923076923
F4019,5-Meo,350,0,Putative Excitatory Unit,0.8,0.2333333333333333,-0.0448154892200514,0.2462913810146713,1.0666666666666669,-0.3907715082168579,23.07767730113119,0.3971100587111253,4.427692307692308
F4019,5-Meo,352,0,Putative Excitatory Unit,0.8,0.2333333333333333,-0.0448154892200514,0.2462913810146713,1.0666666666666669,-0.3907715082168579,23.07767730113119,0.3971100587111253,1.7661538461538462
F4019,5-Meo,356,0,Putative Excitatory Unit,0.8,0.2333333333333333,-0.0448154892200514,0.2462913810146713,1.0666666666666669,-0.3907715082168579,23.07767730113119,0.3971100587111253,1.8184615384615384
F4019,5-Meo,362,0,Putative Excitatory Unit,0.9666666666666668,0.3666666666666667,-0.0359750887094397,0.3872711932734825,1.1666666666666667,0.074795663356781,13.896610213443635,0.1235062413745456,4.083076923076924
F4019,5-Meo,384,0,Putative Excitatory Unit,0.7333333333333334,0.2,0.0907004002377399,0.2581911698287452,1.0,-0.0971922874450683,23.08471018821001,0.4247746467590332,10.42
F4019,5-Meo,388,0,Putative Excitatory Unit,0.7333333333333334,0.2,0.0907004002377399,0.2581911698287452,1.0,-0.0971922874450683,23.08471018821001,0.4247746467590332,22.593846153846155
F4019,5-Meo,398,0,Putative Excitatory Unit,0.7333333333333334,0.2,0.0907004002377399,0.2581911698287452,1.0,-0.0971922874450683,23.08471018821001,0.4247746467590332,1.6246153846153846
F4019,5-Meo,412,0,Putative Excitatory Unit,0.9666666666666668,0.2333333333333333,0.1186465216806792,0.269091596580575,1.3333333333333333,-0.127730131149292,26.575836058706045,0.3546145439147949,10.772307692307692
F4019,5-Meo,414,0,Putative Excitatory Unit,0.9666666666666668,0.2333333333333333,0.1186465216806792,0.269091596580575,1.3333333333333333,-0.127730131149292,26.575836058706045,0.3546145439147949,15.633846153846154
F4019,5-Meo,424,0,Putative Excitatory Unit,0.7,0.1666666666666666,0.264295534832674,0.2534251047021064,0.9,0.1054786443710327,26.16338212788105,0.5054812431335449,19.53692307692308
F4019,5-Meo,430,0,Putative Excitatory Unit,0.7,0.1666666666666666,0.264295534832674,0.2534251047021064,0.9,0.1054786443710327,26.16338212788105,0.5054812431335449,7.6461538461538465
F4019,5-Meo,434,0,Putative Excitatory Unit,0.7,0.1666666666666666,0.264295534832674,0.2534251047021064,0.9,0.1054786443710327,26.16338212788105,0.5054812431335449,9.670769230769231
F4019,5-Meo,446,0,Putative Excitatory Unit,0.8,0.2,0.4120667365285256,0.2996752050761172,1.4666666666666668,0.1929061412811279,40.69671832025051,0.6468452930450439,2.212307692307692
F4019,5-Meo,458,0,Putative Excitatory Unit,1.1,0.2,0.4399192850746325,0.4736190550020691,1.7666666666666666,-0.1932094097137451,42.874691404402256,0.3238508462905883,3.2153846153846155
F4019,5-Meo,470,0,Putative Excitatory Unit,0.9666666666666668,0.2333333333333333,-0.0637185180299676,0.2225143146368855,1.1666666666666667,-0.7976487874984741,28.680193208158016,0.444433331489563,3.603076923076923
F4019,5-Meo,476,0,Putative Excitatory Unit,0.9666666666666668,0.2333333333333333,-0.0637185180299676,0.2225143146368855,1.1666666666666667,-0.7976487874984741,28.680193208158016,0.444433331489563,3.312307692307692
F4019,5-Meo,484,1,Putative Inhibitory Unit,0.4666666666666667,0.1666666666666666,0.5371436752942046,0.286592024559741,1.1333333333333333,0.4026672840118408,34.60172960162163,1.1536370913187664,6.701538461538462
F4019,5-Meo,504,1,Putative Inhibitory Unit,0.7333333333333334,0.2,0.0426180738909669,0.2657124353292184,0.9333333333333332,-0.647331953048706,29.396754825487733,0.6137854402715509,2.206153846153846
F4019,5-Meo,520,1,Putative Inhibitory Unit,0.9,0.2,0.0633997323401546,0.2218239287666458,1.4,-1.0932886600494385,48.65501054376364,0.824175394498385,0.48
F4019,5-Meo,526,1,Putative Inhibitory Unit,0.9,0.2,0.0633997323401546,0.2218239287666458,1.4,-1.0932886600494385,48.65501054376364,0.824175394498385,0.943076923076923
F4019,5-Meo,530,1,Putative Inhibitory Unit,0.9,0.2,0.0633997323401546,0.2218239287666458,1.4,-1.0932886600494385,48.65501054376364,0.824175394498385,0.1507692307692307
F4019,5-Meo,536,1,Putative Inhibitory Unit,0.9,0.2,0.0633997323401546,0.2218239287666458,1.4,-1.0932886600494385,48.65501054376364,0.824175394498385,1.5646153846153843
F4019,5-Meo,542,1,Putative Inhibitory Unit,0.8666666666666666,0.1666666666666666,0.5389692434866442,0.2397656572426305,1.0333333333333334,0.2453048825263977,50.64652079343796,0.8755951722462972,1.9907692307692308
F4019,5-Meo,552,1,Putative Inhibitory Unit,0.6333333333333333,0.1666666666666666,-0.0470822826089468,0.1991361406815202,0.7666666666666667,-2.132157564163208,52.1021773815155,1.3012939799915662,0.3553846153846154
F4019,5-Meo,564,1,Putative Inhibitory Unit,0.9,0.2,0.9915711655019692,0.383312579126109,1.2333333333333332,0.972135066986084,119.40870904922484,1.321264853844276,1.495384615384615
F4019,5-Meo,574,1,Putative Inhibitory Unit,0.9,0.2,0.9915711655019692,0.383312579126109,1.2333333333333332,0.972135066986084,119.40870904922484,1.321264853844276,0.9892307692307692
F4019,5-Meo,582,1,Putative Inhibitory Unit,1.0333333333333334,0.1666666666666666,0.2793418928617787,0.2590858300744185,1.7,-1.8816075325012207,87.96338784694672,1.4103291375296456,1.4830769230769232
F4019,5-Meo,588,1,Putative Inhibitory Unit,1.0333333333333334,0.1666666666666666,0.2793418928617787,0.2590858300744185,1.7,-1.8816075325012207,87.96338784694672,1.4103291375296456,1.7276923076923076
F4019,5-Meo,596,1,Putative Inhibitory Unit,0.9333333333333332,0.2666666666666666,0.3593692888268944,0.3546411343341912,1.6,-2.220325231552124,124.026110380888,1.3762974057878767,1.3215384615384616
F4019,5-Meo,602,1,Putative Inhibitory Unit,0.9,0.1666666666666666,0.0074295039816755,0.2111775805683628,1.0666666666666669,-4.0632195472717285,100.3068442940712,1.738217898777553,0.0107692307692307
F4019,5-Meo,632,0,Putative Excitatory Unit,0.7333333333333334,0.2,0.2007938167201761,0.2383823312679238,1.1,0.344470202922821,18.228486565873027,0.3443077007929484,8.816923076923077
M4017,saline,74,0,Putative Excitatory Unit,0.9333333333333332,0.2666666666666666,0.3354266138768438,0.3848781703035613,1.6,0.4401873350143432,20.602515364065766,0.2248294353485107,5.64
M4017,saline,83,0,Putative Excitatory Unit,0.7,0.3,0.2884703535369243,0.3748719935009054,1.3,0.2295715808868408,24.79377530887723,0.3383280797438188,2.5784615384615384
M4017,saline,85,0,Putative Excitatory Unit,0.7,0.3,0.2884703535369243,0.3748719935009054,1.3,0.2295715808868408,24.79377530887723,0.3383280797438188,19.838461538461537
M4017,saline,91,0,Putative Excitatory Unit,0.7666666666666667,0.2333333333333333,0.11158189909866,0.2464921274487136,0.9666666666666668,0.0069963335990905,22.92211782932281,0.3877292046180138,10.523076923076925
M4017,saline,95,0,Putative Excitatory Unit,0.7666666666666667,0.2333333333333333,0.11158189909866,0.2464921274487136,0.9666666666666668,0.0069963335990905,22.92211782932281,0.3877292046180138,22.22769230769231
M4017,saline,103,0,Putative Excitatory Unit,0.9666666666666668,0.5666666666666667,0.5946654673020192,0.950606891000644,1.6333333333333335,0.5241217017173767,29.20224780589342,0.1094153920809428,1.8153846153846156
M4017,saline,113,1,Putative Inhibitory Unit,0.2333333333333333,0.2,5.440346699479843,0.6646005327252479,0.3333333333333333,2.56756591796875,31.095618285238743,0.8552587032318115,1.903076923076923
M4017,saline,131,0,Putative Excitatory Unit,0.8666666666666666,0.2666666666666666,0.0915041166181293,0.2874630673041001,1.2666666666666666,0.1279528141021728,19.88498266413808,0.260334849357605,14.32
M4017,saline,141,0,Putative Excitatory Unit,0.8666666666666666,0.2666666666666666,0.0915041166181293,0.2874630673041001,1.2666666666666666,0.1279528141021728,19.88498266413808,0.260334849357605,2.76
M4017,saline,149,0,Putative Excitatory Unit,0.8666666666666666,0.4,0.5830803589264243,0.6360674038574847,1.5333333333333334,0.5997387766838074,26.661343686282635,0.1838008990654578,2.0184615384615383
M4017,saline,159,1,Putative Inhibitory Unit,0.3,0.2,35.42690415614636,0.5647671866692944,0.4,2.7001997232437134,32.5220395475626,0.7963331341743469,2.710769230769231
M4017,saline,167,1,Putative Inhibitory Unit,0.7333333333333334,0.2,0.2106924057505177,0.2629450061972516,1.1333333333333333,-0.6845086812973022,48.05080919712782,0.8188693523406982,11.198461538461538
M4017,saline,177,1,Putative Inhibitory Unit,0.3333333333333333,0.1333333333333333,0.8608125301785412,0.2683850269849581,0.6333333333333333,0.9112949445843695,20.38101596198976,0.8837360382080078,2.49076923076923
M4017,saline,185,0,Putative Excitatory Unit,0.8,0.2666666666666666,0.0255379443593661,0.265974932974209,1.1,0.057370126247406,18.22515146806836,0.2869088466350848,12.224615384615385
M4017,saline,193,0,Putative Excitatory Unit,0.8,0.2666666666666666,0.0255379443593661,0.265974932974209,1.1,0.057370126247406,18.22515146806836,0.2869088466350848,1.593846153846154
M4017,saline,201,1,Putative Inhibitory Unit,0.2666666666666666,0.0666666666666666,0.8936849331292329,0.5415954280879834,0.9333333333333332,0.8859329372644424,31.09206000715494,0.937860369682312,2.589230769230769
M4017,saline,211,0,Putative Excitatory Unit,0.7,0.2333333333333333,0.2241514508400879,0.29061077874012,1.1333333333333333,0.3271391987800598,18.86714134737849,0.3044321139653523,1.2692307692307692
M4017,saline,213,0,Putative Excitatory Unit,0.7,0.2333333333333333,0.2241514508400879,0.29061077874012,1.1333333333333333,0.3271391987800598,18.86714134737849,0.3044321139653523,8.19076923076923
M4017,saline,219,0,Putative Excitatory Unit,0.7,0.2333333333333333,0.2241514508400879,0.29061077874012,1.1333333333333333,0.3271391987800598,18.86714134737849,0.3044321139653523,12.216923076923075
M4017,saline,227,0,Putative Excitatory Unit,0.5,0.4333333333333333,-0.1130008678881648,0.4257921762224536,1.1333333333333333,-0.2333343029022216,14.602511927485466,0.2564887470669216,0.4815384615384615
M4017,saline,231,1,Putative Inhibitory Unit,0.6666666666666666,0.1666666666666666,-0.105477429988377,0.2198819644131514,0.8333333333333334,-1.864020109176636,39.8127708286047,0.878307580947876,7.252307692307692
M4017,saline,245,0,Putative Excitatory Unit,0.7,0.2333333333333333,0.2412490707279884,0.2927171464249097,1.0,0.0544872879981994,26.05544311925769,0.4403496583302815,15.933846153846154
M4017,saline,251,0,Putative Excitatory Unit,0.7,0.2333333333333333,0.2412490707279884,0.2927171464249097,1.0,0.0544872879981994,26.05544311925769,0.4403496583302815,9.698461538461538
M4017,saline,259,0,Putative Excitatory Unit,0.6333333333333333,0.2666666666666666,0.4631702727620344,0.3980340171912593,1.2666666666666666,0.5997151732444763,17.514714647084475,0.2740988731384277,1.756923076923077
M4017,saline,265,1,Putative Inhibitory Unit,0.2333333333333333,0.0666666666666666,3.082266902609424,0.637027056110255,0.3333333333333333,2.24907386302948,33.321579879149795,0.9610262513160706,4.189230769230769
M4017,saline,273,0,Putative Excitatory Unit,0.8666666666666666,0.2333333333333333,0.1109151715579368,0.2604672554826298,1.3,-0.0514237880706787,26.045221146196127,0.3879886407118577,5.053846153846154
M4017,saline,275,0,Putative Excitatory Unit,0.8666666666666666,0.2333333333333333,0.1109151715579368,0.2604672554826298,1.3,-0.0514237880706787,26.045221146196127,0.3879886407118577,3.5
M4017,saline,279,1,Putative Inhibitory Unit,0.1666666666666666,0.2,1.0798823222367828,0.7350611397462671,0.6333333333333333,1.111522190272808,46.4417327195406,1.3167540232340496,0.8092307692307692
M4017,saline,283,0,Putative Excitatory Unit,0.9,0.3666666666666667,0.5655428099586456,0.6456136488676386,1.5666666666666669,0.5444005131721497,27.52534519135952,0.1695263544718424,1.2753846153846151
M4017,saline,291,0,Putative Excitatory Unit,0.8666666666666666,0.2333333333333333,0.0233197523028605,0.2442298298050235,1.2333333333333332,0.0643850564956665,19.00919042527676,0.3087550309988168,3.626153846153846
M4017,saline,295,0,Putative Excitatory Unit,0.8666666666666666,0.2333333333333333,0.0233197523028605,0.2442298298050235,1.2333333333333332,0.0643850564956665,19.00919042527676,0.3087550309988168,13.856923076923078
M4017,saline,299,0,Putative Excitatory Unit,0.7666666666666667,0.2666666666666666,0.5536327545953569,0.4733893705038557,1.4333333333333331,0.6031176149845123,25.15976683050394,0.2431745529174804,0.7292307692307692
M4017,saline,311,1,Putative Inhibitory Unit,0.2666666666666666,0.1666666666666666,0.6609269418308147,0.6306096537331338,0.8,0.5361935496330261,35.37956752628088,0.9006860256195068,0.7815384615384615
M4017,saline,317,0,Putative Excitatory Unit,1.0666666666666669,0.4,-0.0378358289089065,0.3851395372716266,1.6,-0.0369564294815063,17.602776668965816,0.1560065895318985,0.6
M4017,saline,325,0,Putative Excitatory Unit,0.6666666666666666,0.2,0.4485586551693369,0.3146761595665912,1.1,0.5098907351493835,20.91935744136572,0.3719402226534756,5.010769230769231
M4017,saline,329,0,Putative Excitatory Unit,0.6666666666666666,0.2,0.4485586551693369,0.3146761595665912,1.1,0.5098907351493835,20.91935744136572,0.3719402226534756,0.7861538461538462
M4017,saline,335,0,Putative Excitatory Unit,0.6666666666666666,0.2333333333333333,0.3016523186507985,0.2847765832052437,1.0,0.2173244357109069,24.66355620324612,0.4268935124079386,6.121538461538462
M4017,saline,341,0,Putative Excitatory Unit,0.6666666666666666,0.2333333333333333,0.3016523186507985,0.2847765832052437,1.0,0.2173244357109069,24.66355620324612,0.4268935124079386,21.71692307692308
M4017,saline,347,0,Putative Excitatory Unit,1.0,0.4666666666666667,0.5526333391669115,0.7174690268236061,1.4,0.6113148927688599,20.77827556431293,0.0989569802033273,0.936923076923077
M4017,saline,355,0,Putative Excitatory Unit,0.8,0.2333333333333333,0.1574004728691886,0.2850414017394722,1.1666666666666667,-0.0321791172027587,26.765057487413287,0.3826187207148625,4.241538461538462
M4017,saline,357,0,Putative Excitatory Unit,0.8,0.2333333333333333,0.1574004728691886,0.2850414017394722,1.1666666666666667,-0.0321791172027587,26.765057487413287,0.3826187207148625,9.932307692307692
M4017,saline,365,1,Putative Inhibitory Unit,0.4,0.2,0.495649495274274,0.3192366500867036,1.0666666666666669,0.568168967962265,20.08814257197082,0.8022846221923828,4.889230769230769
M4017,saline,369,0,Putative Excitatory Unit,0.9333333333333332,0.4333333333333333,0.353619726137984,0.5815583501370762,1.5666666666666669,0.3169655203819275,24.573654916137457,0.1537226736545562,1.810769230769231
M4017,saline,398,0,Putative Excitatory Unit,0.8333333333333334,0.2,0.0787178275998048,0.2204550910646321,1.2666666666666666,0.3017928600311279,17.037825047969818,0.3090281883875529,1.6246153846153846
M4017,saline,402,0,Putative Excitatory Unit,0.8333333333333334,0.2,0.0787178275998048,0.2204550910646321,1.2666666666666666,0.3017928600311279,17.037825047969818,0.3090281883875529,9.753846153846156
M4017,saline,410,0,Putative Excitatory Unit,0.8333333333333334,0.2,0.0787178275998048,0.2204550910646321,1.2666666666666666,0.3017928600311279,17.037825047969818,0.3090281883875529,4.173846153846154
M4017,saline,418,0,Putative Excitatory Unit,0.7333333333333334,0.3666666666666667,0.4172302654841293,0.485222388108427,1.4,0.4506524801254272,24.033699698746204,0.2294396758079528,3.0215384615384617
M4017,saline,428,0,Putative Excitatory Unit,0.7,0.2333333333333333,0.2857117386866363,0.2778025110863726,1.1,0.2955601215362549,22.234255582094196,0.3803615570068359,2.6353846153846154
M4017,saline,432,0,Putative Excitatory Unit,0.7,0.2333333333333333,0.2857117386866363,0.2778025110863726,1.1,0.2955601215362549,22.234255582094196,0.3803615570068359,3.769230769230769
M4017,saline,442,0,Putative Excitatory Unit,0.6666666666666666,0.2,0.3544859293664907,0.2818321616957117,1.0,0.3410844802856445,22.985252546146512,0.4459798986261541,2.809230769230769
M4017,saline,450,0,Putative Excitatory Unit,0.6666666666666666,0.2,0.3544859293664907,0.2818321616957117,1.0,0.3410844802856445,22.985252546146512,0.4459798986261541,15.413846153846151
M4017,saline,454,0,Putative Excitatory Unit,0.6666666666666666,0.2,0.3544859293664907,0.2818321616957117,1.0,0.3410844802856445,22.985252546146512,0.4459798986261541,18.564615384615383
M4017,saline,458,0,Putative Excitatory Unit,1.0333333333333334,0.5,0.3813584850323248,0.7819135162059305,1.6666666666666667,0.2413665652275085,26.039309412240986,0.1140215647848029,1.3307692307692307
M4017,saline,466,0,Putative Excitatory Unit,0.7333333333333334,0.2,0.2061684474767989,0.2498170547987079,1.2,0.3190496563911438,20.333615865558382,0.3765132643959739,3.387692307692308
M4017,saline,468,0,Putative Excitatory Unit,0.7333333333333334,0.2,0.2061684474767989,0.2498170547987079,1.2,0.3190496563911438,20.333615865558382,0.3765132643959739,14.883076923076922
M4017,saline,472,1,Putative Inhibitory Unit,0.8,0.2333333333333333,0.1613256106184801,0.2794471114455097,1.1,-0.9379031658172609,48.080300867557526,0.7386687352107122,0.2076923076923077
M4017,saline,474,1,Putative Inhibitory Unit,0.8,0.2333333333333333,0.1613256106184801,0.2794471114455097,1.1,-0.9379031658172609,48.080300867557526,0.7386687352107122,0.926153846153846
M4017,saline,476,1,Putative Inhibitory Unit,0.8,0.2333333333333333,0.1613256106184801,0.2794471114455097,1.1,-0.9379031658172609,48.080300867557526,0.7386687352107122,0.1876923076923076
M4017,saline,486,0,Putative Excitatory Unit,0.2333333333333333,0.1,0.73244365060526,0.5526470359726496,0.9,0.8975907936692238,6.966626520268619,0.2999680638313293,0.9830769230769232
M4017,saline,492,0,Putative Excitatory Unit,0.9,0.4333333333333333,0.4402347005749439,0.6153914811185545,1.5666666666666669,0.4138078093528747,26.263266175985336,0.1633896668752034,1.8784615384615384
M4017,saline,496,1,Putative Inhibitory Unit,0.8666666666666666,0.2333333333333333,0.0953287415151794,0.2398791728197106,1.2,-1.5052459239959717,59.15455174446106,0.9031990596226284,1.5461538461538462
M4017,saline,500,0,Putative Excitatory Unit,0.6666666666666666,0.2666666666666666,0.3129230811627546,0.3606474455512262,1.0,-0.2393823862075805,37.13270355761051,0.5472366015116373,4.218461538461538
M4017,saline,502,1,Putative Inhibitory Unit,0.2333333333333333,0.0666666666666666,0.8585139267116517,0.3875027495855843,0.9,0.5465997457504272,65.43946662545204,3.842369318008423,0.7430769230769231
M4017,saline,504,1,Putative Inhibitory Unit,0.3,0.1666666666666666,0.5541393169605562,0.3009675837620363,0.9666666666666668,0.4490147233009338,26.227922335267067,1.276265525817871,14.604615384615384
M4017,saline,508,1,Putative Inhibitory Unit,0.9,0.2,0.0874699876901378,0.2199159382467614,1.4333333333333331,-1.7985844612121582,70.7234158962965,1.2637774149576824,0.7338461538461538
M4017,saline,512,1,Putative Inhibitory Unit,0.2666666666666666,0.1333333333333333,0.7502478089772507,0.293091224839187,0.5,0.7811106294393539,18.42759897187352,1.046747875213623,24.815384615384616
M4017,saline,518,1,Putative Inhibitory Unit,0.8666666666666666,0.1666666666666666,0.1076967865526677,0.2032560636685194,1.4333333333333331,-2.4857003688812256,97.256058588624,1.935362382368608,0.1938461538461538
M4018,5-Meo,39,1,Putative Inhibitory Unit,0.6,0.2,0.1646039914132048,0.2649535781358825,1.2333333333333332,-1.2292146682739258,66.4645379781723,1.1729188919067384,0.1384615384615384
M4018,5-Meo,70,1,Putative Inhibitory Unit,0.3,0.1333333333333333,1.0352026020039524,0.6482569257431532,0.9666666666666668,1.0352013260126114,33.224994629621506,0.7848465442657471,1.310769230769231
M4018,5-Meo,74,0,Putative Excitatory Unit,0.7666666666666667,0.2,0.0533920276707374,0.2052684597053738,1.1,0.2376207709312439,17.617074877023697,0.3179254898658165,13.475384615384616
M4018,5-Meo,78,0,Putative Excitatory Unit,1.1333333333333333,0.4333333333333333,0.1850444124902175,0.5779784447842625,1.6333333333333335,0.0567315816879272,18.55344077944756,0.1130069210415794,2.6015384615384614
M4018,5-Meo,80,0,Putative Excitatory Unit,0.6,0.3333333333333333,0.3717162448664451,0.564781651332343,1.1333333333333333,0.297294020652771,19.386158853769302,0.2469498894431374,1.616923076923077
M4018,5-Meo,84,0,Putative Excitatory Unit,0.7666666666666667,0.2333333333333333,0.2085656010300347,0.2722816570590937,1.3666666666666667,0.2855933904647827,22.931616708636284,0.3338882525761922,41.97692307692308
M4018,5-Meo,86,0,Putative Excitatory Unit,1.1333333333333333,0.4333333333333333,0.2355164792492031,0.6331580129710112,1.6666666666666667,0.0274646282196044,21.41418331861496,0.1182100545792352,9.927692307692308
M4018,5-Meo,88,0,Putative Excitatory Unit,0.5666666666666667,0.3666666666666667,0.5265988285326845,0.698928938399661,1.1666666666666667,0.417181134223938,24.925449401140213,0.2689033269882202,7.115384615384615
M4018,5-Meo,90,0,Putative Excitatory Unit,0.5666666666666667,0.4,0.3541637871593283,0.6064235571707488,1.1666666666666667,0.1630730628967285,22.062972150743008,0.2893745183944702,2.6923076923076925
M4018,5-Meo,98,0,Putative Excitatory Unit,0.7,0.2666666666666666,0.2313770818046252,0.2961863582239194,1.1,0.2624561786651611,21.48355095461011,0.3324445883433024,30.41692307692308
M4018,5-Meo,100,0,Putative Excitatory Unit,0.7,0.2666666666666666,0.2313770818046252,0.2961863582239194,1.1,0.2624561786651611,21.48355095461011,0.3324445883433024,43.65538461538461
M4018,5-Meo,106,1,Putative Inhibitory Unit,0.7,0.2,0.251548038736387,0.2779335112265052,1.0333333333333334,-1.1235904693603516,62.09969529509544,1.064712127049764,5.689230769230769
M4018,5-Meo,110,1,Putative Inhibitory Unit,0.7,0.2,0.251548038736387,0.2779335112265052,1.0333333333333334,-1.1235904693603516,62.09969529509544,1.064712127049764,8.218461538461538
M4018,5-Meo,114,0,Putative Excitatory Unit,0.7,0.2333333333333333,0.2369433564890059,0.2712799199133535,1.0,0.3469979763031006,18.500120762735605,0.3251686493555705,39.10923076923077
M4018,5-Meo,118,0,Putative Excitatory Unit,1.1,0.5333333333333333,0.4464289163179081,0.898854132069205,1.7666666666666666,0.1851004362106323,27.63019847869873,0.1076752489263361,2.4507692307692306
M4018,5-Meo,126,1,Putative Inhibitory Unit,0.6666666666666666,0.1666666666666666,0.258424045950317,0.2703973541964639,0.8666666666666666,-0.2645949125289917,34.76277496665716,0.661361813545227,9.315384615384616
M4018,5-Meo,128,1,Putative Inhibitory Unit,0.6666666666666666,0.1666666666666666,0.258424045950317,0.2703973541964639,0.8666666666666666,-0.2645949125289917,34.76277496665716,0.661361813545227,13.315384615384616
M4018,5-Meo,134,0,Putative Excitatory Unit,0.6666666666666666,0.2333333333333333,0.2072752914856543,0.2711241491674516,1.1,0.2973718047142029,18.97965839505196,0.3288970987002055,3.667692307692308
M4018,5-Meo,136,0,Putative Excitatory Unit,0.6666666666666666,0.2333333333333333,0.2072752914856543,0.2711241491674516,1.1,0.2973718047142029,18.97965839505196,0.3288970987002055,21.512307692307694
M4018,5-Meo,140,0,Putative Excitatory Unit,1.1666666666666667,0.4,0.1307100935150835,0.5196634465684146,1.7,-0.001538872718811,18.568594694137573,0.1319406659979569,1.6738461538461538
M4018,5-Meo,148,0,Putative Excitatory Unit,0.5666666666666667,0.1666666666666666,0.2460082616134497,0.214614066330096,1.1,0.4194823503494262,17.9018148817122,0.4966713057623969,9.04923076923077
M4018,5-Meo,154,1,Putative Inhibitory Unit,0.2666666666666666,0.1333333333333333,0.8368035521404528,0.5260474046860838,0.9333333333333332,0.8416555672883987,22.749906718730927,0.846973717212677,10.181538461538462
M4018,5-Meo,156,0,Putative Excitatory Unit,0.5666666666666667,0.3,0.3715968185800266,0.5657614198559119,1.1,0.243538498878479,20.959779500961304,0.2918378353118896,0.3615384615384615
M4018,5-Meo,160,0,Putative Excitatory Unit,1.1333333333333333,0.4666666666666667,0.1458825979709919,0.5518036722591156,1.6,0.0374228954315185,17.52274289727211,0.1114433606465657,0.5292307692307693
M4018,5-Meo,162,0,Putative Excitatory Unit,0.7,0.2,0.1412274471060547,0.2672385442468211,0.9666666666666668,0.1873728632926941,18.33070020750165,0.3367480039596557,37.19538461538462
M4018,5-Meo,168,1,Putative Inhibitory Unit,0.6666666666666666,0.2,0.3136924375789658,0.2988731692844179,1.0666666666666669,-0.2373936176300048,38.98272880166769,0.6604114770889282,10.26
M4018,5-Meo,170,1,Putative Inhibitory Unit,0.6666666666666666,0.2,0.3136924375789658,0.2988731692844179,1.0666666666666669,-0.2373936176300048,38.98272880166769,0.6604114770889282,7.324615384615384
M4018,5-Meo,171,1,Putative Inhibitory Unit,0.6666666666666666,0.2,0.3136924375789658,0.2988731692844179,1.0666666666666669,-0.2373936176300048,38.98272880166769,0.6604114770889282,0.2630769230769231
M4018,5-Meo,174,1,Putative Inhibitory Unit,0.3,0.1333333333333333,0.6627594557055596,0.4419628295224192,0.9,0.6543199121952057,22.18818430230021,0.7712732315063476,3.1753846153846155
M4018,5-Meo,180,0,Putative Excitatory Unit,0.7,0.2333333333333333,0.2919543544485967,0.2681256435057709,1.0333333333333334,0.1909806728363037,26.59290242195129,0.4588019053141276,23.595384615384614
M4018,5-Meo,186,0,Putative Excitatory Unit,0.7,0.2333333333333333,0.2919543544485967,0.2681256435057709,1.0333333333333334,0.1909806728363037,26.59290242195129,0.4588019053141276,5.592307692307692
M4018,5-Meo,188,0,Putative Excitatory Unit,0.7,0.2333333333333333,0.2919543544485967,0.2681256435057709,1.0333333333333334,0.1909806728363037,26.59290242195129,0.4588019053141276,24.783076923076923
M4018,5-Meo,190,0,Putative Excitatory Unit,0.5333333333333333,0.2666666666666666,0.4191632135210765,0.5715178400292803,1.0666666666666669,0.2763832211494446,23.82604117691517,0.3437277211083306,2.736923076923077
M4018,5-Meo,198,0,Putative Excitatory Unit,0.9333333333333332,0.2666666666666666,-0.1785432514475977,0.2210017713053417,1.1666666666666667,-0.8580259084701538,24.30122712254524,0.3662479519844055,2.535384615384616
M4018,5-Meo,200,0,Putative Excitatory Unit,0.9333333333333332,0.2666666666666666,-0.1785432514475977,0.2210017713053417,1.1666666666666667,-0.8580259084701538,24.30122712254524,0.3662479519844055,0.6307692307692307
M4018,5-Meo,206,0,Putative Excitatory Unit,0.7,0.2,0.1848793684671006,0.2468688684829855,0.9666666666666668,0.0614102482795715,24.541036680340767,0.4605539242426554,16.495384615384616
M4018,5-Meo,208,0,Putative Excitatory Unit,0.7,0.2,0.1848793684671006,0.2468688684829855,0.9666666666666668,0.0614102482795715,24.541036680340767,0.4605539242426554,19.644615384615385
M4018,5-Meo,212,0,Putative Excitatory Unit,0.7,0.2,0.1848793684671006,0.2468688684829855,0.9666666666666668,0.0614102482795715,24.541036680340767,0.4605539242426554,9.72
M4018,5-Meo,214,1,Putative Inhibitory Unit,0.2666666666666666,0.1,2.3429396498479877,0.7835745808339639,0.4,2.149424433708191,36.34338799118996,0.9128767251968384,5.949230769230769
M4018,5-Meo,228,1,Putative Inhibitory Unit,0.6666666666666666,0.2,0.0047660059621253,0.264166574098054,0.8,-2.1921794414520264,53.69972787797451,1.0166416962941487,14.19076923076923
M4018,5-Meo,235,0,Putative Excitatory Unit,0.7,0.2333333333333333,0.2561393580580417,0.2870734445676074,1.1333333333333333,0.2610237598419189,22.876436160877347,0.3622450431187947,35.10769230769231
M4018,5-Meo,237,0,Putative Excitatory Unit,0.7,0.2333333333333333,0.2561393580580417,0.2870734445676074,1.1333333333333333,0.2610237598419189,22.876436160877347,0.3622450431187947,17.875384615384615
M4018,5-Meo,239,0,Putative Excitatory Unit,1.0,0.2333333333333333,0.0159704094027079,0.2393751641419216,1.3,0.433393120765686,11.334708631038666,0.1629237492879231,1.876923076923077
M4018,5-Meo,241,0,Putative Excitatory Unit,1.1,0.6,0.4877449863285841,0.9896093947567952,1.7666666666666666,0.2621023058891296,28.505282759666443,0.1031229496002197,5.653846153846154
M4018,5-Meo,245,1,Putative Inhibitory Unit,0.3333333333333333,0.1333333333333333,0.5249373668616948,0.249110437149958,0.9333333333333332,0.5543277263641357,20.847789779305455,0.9571358362833658,27.46153846153846
M4018,5-Meo,251,0,Putative Excitatory Unit,0.3666666666666667,0.4333333333333333,-0.7350353909675928,0.1407393026675469,1.7333333333333332,-0.9774988889694214,0.2033483684062957,0.2145756244659424,0.0953846153846153
M4018,5-Meo,256,0,Putative Excitatory Unit,1.0666666666666669,0.2666666666666666,-0.1375066273266662,0.2275999164773049,1.3666666666666667,-0.3126974105834961,18.73631781339645,0.2733218669891357,5.67076923076923
M4018,5-Meo,258,0,Putative Excitatory Unit,1.0666666666666669,0.2666666666666666,-0.1375066273266662,0.2275999164773049,1.3666666666666667,-0.3126974105834961,18.73631781339645,0.2733218669891357,4.4338461538461535
M4018,5-Meo,262,0,Putative Excitatory Unit,1.0666666666666669,0.2666666666666666,-0.1375066273266662,0.2275999164773049,1.3666666666666667,-0.3126974105834961,18.73631781339645,0.2733218669891357,0.4707692307692308
M4018,5-Meo,264,0,Putative Excitatory Unit,0.9,0.2333333333333333,0.3443899691739599,0.320137836402116,1.5666666666666669,0.4736422896385193,24.131190307438374,0.3065003481778232,3.269230769230769
M4018,5-Meo,266,0,Putative Excitatory Unit,0.9,0.2333333333333333,-0.0399526575673862,0.2154946830582676,1.2333333333333332,-0.0855766534805297,20.684172064065933,0.3321811471666608,28.306153846153848
M4018,5-Meo,270,0,Putative Excitatory Unit,0.9,0.2333333333333333,-0.0399526575673862,0.2154946830582676,1.2333333333333332,-0.0855766534805297,20.684172064065933,0.3321811471666608,3.943076923076923
M4018,5-Meo,272,0,Putative Excitatory Unit,0.9,0.2333333333333333,-0.0399526575673862,0.2154946830582676,1.2333333333333332,-0.0855766534805297,20.684172064065933,0.3321811471666608,8.932307692307692
M4018,5-Meo,274,1,Putative Inhibitory Unit,0.9,0.2,0.0388653210380364,0.2233479477371313,1.1333333333333333,-1.4981322288513184,51.39412686228752,0.8635359491620745,1.8784615384615384
M4018,5-Meo,276,1,Putative Inhibitory Unit,0.7,0.2,0.2369176389727716,0.2676961478051505,0.9333333333333332,-1.8209216594696045,79.50892951339483,1.423432985941569,3.5015384615384617
M4018,5-Meo,282,1,Putative Inhibitory Unit,0.6333333333333333,0.2333333333333333,0.2039492739034654,0.2841251309966949,1.0666666666666669,-1.3898358345031738,60.24349288642407,1.1564668308604846,3.9261538461538463
M4018,5-Meo,284,1,Putative Inhibitory Unit,0.6333333333333333,0.2333333333333333,0.2039492739034654,0.2841251309966949,1.0666666666666669,-1.3898358345031738,60.24349288642407,1.1564668308604846,0.6061538461538462
M4018,5-Meo,286,1,Putative Inhibitory Unit,0.6333333333333333,0.2333333333333333,0.2039492739034654,0.2841251309966949,1.0666666666666669,-1.3898358345031738,60.24349288642407,1.1564668308604846,8.04923076923077
M4018,5-Meo,288,0,Putative Excitatory Unit,0.5,0.2333333333333333,0.288468222504721,0.3065521709650452,1.1,0.3953897953033447,18.25062080472708,0.51021409034729,7.690769230769231
M4018,5-Meo,290,0,Putative Excitatory Unit,0.5,0.2333333333333333,0.288468222504721,0.3065521709650452,1.1,0.3953897953033447,18.25062080472708,0.51021409034729,10.94923076923077
M4018,5-Meo,292,0,Putative Excitatory Unit,1.0666666666666669,0.3333333333333333,-0.0668194097350876,0.283027998544346,1.4333333333333331,0.0320956110954284,16.291663363575935,0.1869639456272125,4.947692307692308
M4018,5-Meo,294,0,Putative Excitatory Unit,0.6333333333333333,0.3666666666666667,0.7095703148073775,0.7728261790499118,1.3,0.6966787576675415,26.281877174973488,0.210026589306918,0.2861538461538461
M4018,5-Meo,298,1,Putative Inhibitory Unit,0.6333333333333333,0.2,0.3422732091747432,0.2944009464571218,1.1666666666666667,-1.102942705154419,70.76973661780357,1.3252290378917346,15.526153846153846
M4018,5-Meo,300,1,Putative Inhibitory Unit,0.3,0.1333333333333333,0.7005439857780819,0.270791470466632,0.9,0.6556190848350525,25.449203100055456,1.4444047927856445,38.29692307692308
M4018,5-Meo,302,1,Putative Inhibitory Unit,0.3,0.1333333333333333,0.6307569402711956,0.2636378676390027,0.9,0.6103022396564484,24.68148523755372,1.3056507110595703,33.10923076923077
